AAGGAAAAA	0.192
CAGGAAAAA	0.411
AAGGCAAAA	0.622
CAGGCAAAA	0.840
AAGGGAAAA	0.728
CAGGGAAAA	0.947
AAGATAAAA	0.194
CAGATAAAA	0.412
AAGCTAAAA	0.103
CAGCTAAAA	0.322
AAAGTAAAA	1.177
CAAGTAAAA	1.892
GAAGTAAAA	0.119
AAGGTAAAA	8.376
CAGGTAAAA	8.594
GAGGTAAAA	7.304
TAGGTAAAA	6.023
ACGGTAAAA	6.534
CCGGTAAAA	5.998
GCGGTAAAA	4.944
TCGGTAAAA	5.484
AGGGTAAAA	4.507
CGGGTAAAA	5.164
GGGGTAAAA	2.557
TGGGTAAAA	3.276
ATGGTAAAA	4.793
CTGGTAAAA	4.784
GTGGTAAAA	2.983
TTGGTAAAA	3.232
CAGTTAAAA	0.090
AAGGTCAAA	1.821
CAGGTCAAA	2.443
AAGGTGAAA	4.507
CAGGTGAAA	5.066
GAGGTGAAA	2.914
TAGGTGAAA	1.845
ACGGTGAAA	2.837
CCGGTGAAA	2.641
GCGGTGAAA	0.725
TCGGTGAAA	1.477
CGGGTGAAA	0.962
ATGGTGAAA	0.561
CTGGTGAAA	0.892
AAGGTTAAA	2.699
CAGGTTAAA	2.539
GAGGTTAAA	0.158
AAGGTACAA	6.825
CAGGTACAA	7.092
GAGGTACAA	5.126
TAGGTACAA	3.232
ACGGTACAA	4.764
CCGGTACAA	4.277
GCGGTACAA	2.547
TCGGTACAA	2.474
AGGGTACAA	1.912
CGGGTACAA	2.618
ATGGTACAA	2.372
CTGGTACAA	2.411
AAGGTGCAA	2.220
CAGGTGCAA	2.827
ACGGTGCAA	0.331
CCGGTGCAA	0.184
AAGGTTCAA	1.303
CAGGTTCAA	1.191
AAGGTAGAA	6.329
CAGGTAGAA	6.683
GAGGTAGAA	4.543
TAGGTAGAA	2.947
ACGGTAGAA	3.548
CCGGTAGAA	3.147
GCGGTAGAA	1.244
TCGGTAGAA	1.469
AGGGTAGAA	0.822
CGGGTAGAA	1.614
ATGGTAGAA	1.048
CTGGTAGAA	1.174
AAGGTGGAA	0.930
CAGGTGGAA	1.623
AAGGTTGAA	1.285
CAGGTTGAA	1.260
AAGGTATAA	7.085
CAGGTATAA	7.457
GAGGTATAA	5.958
TAGGTATAA	4.039
ACGGTATAA	4.589
CCGGTATAA	4.207
GCGGTATAA	2.944
TCGGTATAA	2.845
AGGGTATAA	2.313
CGGGTATAA	3.124
GGGGTATAA	0.308
TGGGTATAA	0.389
ATGGTATAA	2.050
CTGGTATAA	2.195
GTGGTATAA	0.185
CAGGTCTAA	0.263
AAGGTGTAA	0.590
CAGGTGTAA	1.303
AAGGTTTAA	1.883
CAGGTTTAA	1.877
AAGGAAACA	0.739
CAGGAAACA	0.695
AAGGCAACA	1.168
CAGGCAACA	1.124
GAGGCAACA	0.348
AAGGGAACA	1.275
CAGGGAACA	1.231
GAGGGAACA	0.455
AAGATAACA	0.740
CAGATAACA	0.696
AAGCTAACA	0.649
CAGCTAACA	0.606
AAAGTAACA	1.868
CAAGTAACA	2.320
GAAGTAACA	1.061
AACGTAACA	4.018
CACGTAACA	3.535
GACGTAACA	3.317
TACGTAACA	1.219
ACCGTAACA	0.697
AAGGTAACA	8.922
CAGGTAACA	8.878
GAGGTAACA	8.102
TAGGTAACA	6.250
ACGGTAACA	6.719
CCGGTAACA	5.920
GCGGTAACA	5.380
TCGGTAACA	5.349
AGGGTAACA	4.903
CGGGTAACA	5.297
GGGGTAACA	3.205
TGGGTAACA	3.352
ATGGTAACA	4.867
CTGGTAACA	4.596
GTGGTAACA	3.309
TTGGTAACA	2.987
AATGTAACA	3.188
CATGTAACA	2.973
GATGTAACA	2.780
ACTGTAACA	0.145
AAGTTAACA	0.418
CAGTTAACA	0.374
AAGGTCACA	1.861
CAGGTCACA	2.220
AAGGTGACA	5.193
CAGGTGACA	5.490
GAGGTGACA	3.852
TAGGTGACA	2.211
ACGGTGACA	3.161
CCGGTGACA	2.703
GCGGTGACA	1.302
TCGGTGACA	1.482
AGGGTGACA	0.501
CGGGTGACA	1.235
ATGGTGACA	0.775
CTGGTGACA	0.844
AAGGCACCA	0.120
CAGGCACCA	0.125
AAGGGACCA	0.227
CAGGGACCA	0.232
AACGTACCA	1.998
CACGTACCA	1.563
GACGTACCA	0.670
AAGGTACCA	7.874
CAGGTACCA	7.879
GAGGTACCA	6.427
TAGGTACCA	3.961
ACGGTACCA	5.452
CCGGTACCA	4.702
GCGGTACCA	3.487
TCGGTACCA	2.842
AGGGTACCA	2.811
CGGGTACCA	3.254
GGGGTACCA	0.485
TGGGTACCA	0.020
ATGGTACCA	2.949
CTGGTACCA	2.726
GTGGTACCA	0.764
AATGTACCA	0.353
CATGTACCA	0.187
AAGGTGCCA	3.410
CAGGTGCCA	3.754
GAGGTGCCA	1.441
ACGGTGCCA	1.159
CCGGTGCCA	0.749
AAGGTAGCA	6.283
CAGGTAGCA	6.374
GAGGTAGCA	4.749
TAGGTAGCA	2.581
ACGGTAGCA	3.140
CCGGTAGCA	2.476
GCGGTAGCA	1.088
TCGGTAGCA	0.741
AGGGTAGCA	0.625
CGGGTAGCA	1.154
ATGGTAGCA	0.529
CTGGTAGCA	0.393
AAGGTGGCA	1.023
CAGGTGGCA	1.454
AACGTATCA	0.483
CACGTATCA	0.153
AAGGTATCA	7.221
CAGGTATCA	7.332
GAGGTATCA	6.347
TAGGTATCA	3.855
ACGGTATCA	4.363
CCGGTATCA	3.719
GCGGTATCA	2.971
TCGGTATCA	2.300
AGGGTATCA	2.298
CGGGTATCA	2.847
GGGGTATCA	0.546
TGGGTATCA	0.055
ATGGTATCA	1.714
CTGGTATCA	1.597
GTGGTATCA	0.102
AAGGTGTCA	0.866
CAGGTGTCA	1.317
AAGGAAAGA	2.384
CAGGAAAGA	2.583
GAGGAAAGA	1.881
TAGGAAAGA	0.960
ACGGAAAGA	2.470
CCGGAAAGA	1.914
GCGGAAAGA	1.449
TCGGAAAGA	2.349
AGGGAAAGA	1.023
CGGGAAAGA	1.661
TGGGAAAGA	0.722
ATGGAAAGA	1.294
CTGGAAAGA	1.265
GTGGAAAGA	0.053
TTGGAAAGA	0.662
AAGGCAAGA	2.813
CAGGCAAGA	3.012
GAGGCAAGA	2.311
TAGGCAAGA	1.390
ACGGCAAGA	2.899
CCGGCAAGA	2.344
GCGGCAAGA	1.878
TCGGCAAGA	2.778
AGGGCAAGA	1.452
CGGGCAAGA	2.090
GGGGCAAGA	0.072
TGGGCAAGA	1.151
ATGGCAAGA	1.723
CTGGCAAGA	1.694
GTGGCAAGA	0.482
TTGGCAAGA	1.091
AACGGAAGA	0.041
AAGGGAAGA	2.920
CAGGGAAGA	3.119
GAGGGAAGA	2.417
TAGGGAAGA	1.497
ACGGGAAGA	3.006
CCGGGAAGA	2.451
GCGGGAAGA	1.985
TCGGGAAGA	2.885
AGGGGAAGA	1.559
CGGGGAAGA	2.197
GGGGGAAGA	0.179
TGGGGAAGA	1.258
ATGGGAAGA	1.830
CTGGGAAGA	1.801
GTGGGAAGA	0.589
TTGGGAAGA	1.198
AAGATAAGA	2.385
CAGATAAGA	2.584
GAGATAAGA	1.883
TAGATAAGA	0.962
ACGATAAGA	2.471
CCGATAAGA	1.916
GCGATAAGA	1.450
TCGATAAGA	2.350
AGGATAAGA	1.025
CGGATAAGA	1.662
TGGATAAGA	0.723
ATGATAAGA	1.295
CTGATAAGA	1.267
GTGATAAGA	0.054
TTGATAAGA	0.663
AAGCTAAGA	2.294
CAGCTAAGA	2.494
GAGCTAAGA	1.792
TAGCTAAGA	0.871
ACGCTAAGA	2.381
CCGCTAAGA	1.825
GCGCTAAGA	1.360
TCGCTAAGA	2.260
AGGCTAAGA	0.934
CGGCTAAGA	1.571
TGGCTAAGA	0.632
ATGCTAAGA	1.204
CTGCTAAGA	1.176
TTGCTAAGA	0.573
AAAGTAAGA	6.913
CAAGTAAGA	7.608
GAAGTAAGA	6.424
TAAGTAAGA	5.167
ACAGTAAGA	5.960
CCAGTAAGA	5.900
GCAGTAAGA	4.952
TCAGTAAGA	5.517
AGAGTAAGA	5.732
CGAGTAAGA	6.865
GGAGTAAGA	4.365
TGAGTAAGA	5.108
ATAGTAAGA	4.737
CTAGTAAGA	5.205
GTAGTAAGA	3.510
TTAGTAAGA	3.783
AACGTAAGA	7.688
CACGTAAGA	7.447
GACGTAAGA	7.304
TACGTAAGA	6.138
ACCGTAAGA	6.656
CCCGTAAGA	5.661
GCCGTAAGA	5.754
TCCGTAAGA	6.409
AGCGTAAGA	6.212
CGCGTAAGA	6.409
GGCGTAAGA	4.950
TGCGTAAGA	5.784
ATCGTAAGA	6.287
CTCGTAAGA	5.819
GTCGTAAGA	5.166
TTCGTAAGA	5.529
AAGGTAAGA	10.567
CAGGTAAGA	10.766
GAGGTAAGA	10.065
TAGGTAAGA	9.144
ACGGTAAGA	10.653
CCGGTAAGA	10.098
GCGGTAAGA	9.632
TCGGTAAGA	10.532
AGGGTAAGA	9.207
CGGGTAAGA	9.844
GGGGTAAGA	7.826
TGGGTAAGA	8.905
ATGGTAAGA	9.477
CTGGTAAGA	9.449
GTGGTAAGA	8.236
TTGGTAAGA	8.846
AATGTAAGA	5.554
CATGTAAGA	5.582
GATGTAAGA	5.463
TATGTAAGA	3.535
ACTGTAAGA	4.800
CCTGTAAGA	4.073
GCTGTAAGA	4.191
TCTGTAAGA	4.084
AGTGTAAGA	4.574
CGTGTAAGA	5.040
GGTGTAAGA	3.605
TGTGTAAGA	3.677
ATTGTAAGA	4.368
CTTGTAAGA	4.168
GTTGTAAGA	3.539
TTTGTAAGA	3.141
AAGTTAAGA	2.063
CAGTTAAGA	2.262
GAGTTAAGA	1.561
TAGTTAAGA	0.640
ACGTTAAGA	2.149
CCGTTAAGA	1.594
GCGTTAAGA	1.129
TCGTTAAGA	2.029
AGGTTAAGA	0.703
CGGTTAAGA	1.340
TGGTTAAGA	0.401
ATGTTAAGA	0.973
CTGTTAAGA	0.945
TTGTTAAGA	0.342
AACGTCAGA	1.059
CACGTCAGA	1.221
AAGGTCAGA	6.804
CAGGTCAGA	7.406
GAGGTCAGA	5.242
TAGGTCAGA	4.424
ACGGTCAGA	5.424
CCGGTCAGA	5.271
GCGGTCAGA	3.344
TCGGTCAGA	4.346
AGGGTCAGA	3.164
CGGGTCAGA	4.204
GGGGTCAGA	0.725
TGGGTCAGA	1.906
ATGGTCAGA	3.587
CTGGTCAGA	3.962
GTGGTCAGA	1.288
TTGGTCAGA	2.000
AAGGAGAGA	0.497
CAGGAGAGA	1.036
ACGGAGAGA	0.754
CCGGAGAGA	0.539
TCGGAGAGA	0.324
AAGGCGAGA	0.926
CAGGCGAGA	1.465
ACGGCGAGA	1.184
CCGGCGAGA	0.968
TCGGCGAGA	0.753
AAGGGGAGA	1.033
CAGGGGAGA	1.572
GAGGGGAGA	0.009
ACGGGGAGA	1.290
CCGGGGAGA	1.075
TCGGGGAGA	0.860
AAGATGAGA	0.498
CAGATGAGA	1.037
ACGATGAGA	0.756
CCGATGAGA	0.540
TCGATGAGA	0.325
AAGCTGAGA	0.407
CAGCTGAGA	0.947
ACGCTGAGA	0.665
CCGCTGAGA	0.449
TCGCTGAGA	0.235
AAAGTGAGA	4.228
CAAGTGAGA	5.263
GAAGTGAGA	3.218
TAAGTGAGA	2.173
ACAGTGAGA	3.447
CCAGTGAGA	3.727
GCAGTGAGA	1.918
TCAGTGAGA	2.694
AGAGTGAGA	2.374
CGAGTGAGA	3.847
GGAGTGAGA	0.486
TGAGTGAGA	1.441
ATAGTGAGA	1.690
CTAGTGAGA	2.497
TTAGTGAGA	0.426
AACGTGAGA	5.128
CACGTGAGA	5.227
GACGTGAGA	4.223
TACGTGAGA	3.269
ACCGTGAGA	4.268
CCCGTGAGA	3.612
GCCGTGAGA	2.845
TCCGTGAGA	3.711
AGCGTGAGA	2.979
CGCGTGAGA	3.516
GGCGTGAGA	1.196
TGCGTGAGA	2.241
ATCGTGAGA	3.364
CTCGTGAGA	3.236
GTCGTGAGA	1.721
TTCGTGAGA	2.297
AAGGTGAGA	8.680
CAGGTGAGA	9.219
GAGGTGAGA	7.656
TAGGTGAGA	6.947
ACGGTGAGA	8.938
CCGGTGAGA	8.722
GCGGTGAGA	7.396
TCGGTGAGA	8.507
AGGGTGAGA	6.646
CGGGTGAGA	7.624
GGGGTGAGA	4.744
TGGGTGAGA	6.035
ATGGTGAGA	7.227
CTGGTGAGA	7.538
GTGGTGAGA	5.465
TTGGTGAGA	6.286
AATGTGAGA	3.366
CATGTGAGA	3.734
GATGTGAGA	2.754
TATGTGAGA	1.038
ACTGTGAGA	2.784
CCTGTGAGA	2.396
GCTGTGAGA	1.653
TCTGTGAGA	1.758
AGTGTGAGA	1.713
CGTGTGAGA	2.519
GGTGTGAGA	0.222
TGTGTGAGA	0.506
ATTGTGAGA	1.817
CTTGTGAGA	1.957
GTTGTGAGA	0.466
TTTGTGAGA	0.280
AAGTTGAGA	0.176
CAGTTGAGA	0.715
ACGTTGAGA	0.434
CCGTTGAGA	0.218
TCGTTGAGA	0.003
AAGGTTAGA	6.118
CAGGTTAGA	5.939
GAGGTTAGA	4.147
TAGGTTAGA	2.987
ACGGTTAGA	4.224
CCGGTTAGA	3.290
GCGGTTAGA	1.734
TCGGTTAGA	2.396
AGGGTTAGA	1.781
CGGGTTAGA	2.040
ATGGTTAGA	3.537
CTGGTTAGA	3.130
GTGGTTAGA	0.827
TTGGTTAGA	1.198
AAGGAACGA	1.599
CAGGAACGA	1.847
GAGGAACGA	0.469
ACGGAACGA	1.467
CCGGAACGA	0.960
TCGGAACGA	0.106
AAGGCACGA	2.028
CAGGCACGA	2.276
GAGGCACGA	0.899
ACGGCACGA	1.896
CCGGCACGA	1.389
GCGGCACGA	0.248
TCGGCACGA	0.535
CGGGCACGA	0.310
ATGGCACGA	0.068
CTGGCACGA	0.088
AAGGGACGA	2.135
CAGGGACGA	2.383
GAGGGACGA	1.006
ACGGGACGA	2.003
CCGGGACGA	1.496
GCGGGACGA	0.355
TCGGGACGA	0.642
CGGGGACGA	0.417
ATGGGACGA	0.175
CTGGGACGA	0.195
AAGATACGA	1.600
CAGATACGA	1.848
GAGATACGA	0.471
ACGATACGA	1.468
CCGATACGA	0.961
TCGATACGA	0.107
AAGCTACGA	1.510
CAGCTACGA	1.758
GAGCTACGA	0.380
ACGCTACGA	1.378
CCGCTACGA	0.871
TCGCTACGA	0.016
AAAGTACGA	4.650
CAAGTACGA	5.394
GAAGTACGA	3.534
TAAGTACGA	1.664
ACAGTACGA	3.479
CCAGTACGA	3.468
GCAGTACGA	1.844
TCAGTACGA	1.795
AGAGTACGA	2.425
CGAGTACGA	3.607
GGAGTACGA	0.431
TGAGTACGA	0.561
ATAGTACGA	1.605
CTAGTACGA	2.121
AACGTACGA	5.931
CACGTACGA	5.739
GACGTACGA	4.920
TACGTACGA	3.141
ACCGTACGA	4.681
CCCGTACGA	3.734
GCCGTACGA	3.152
TCCGTACGA	3.193
AGCGTACGA	3.411
CGCGTACGA	3.657
GGCGTACGA	1.522
TGCGTACGA	1.742
ATCGTACGA	3.660
CTCGTACGA	3.240
GTCGTACGA	1.911
TTCGTACGA	1.662
AAGGTACGA	9.782
CAGGTACGA	10.030
GAGGTACGA	8.653
TAGGTACGA	7.119
ACGGTACGA	9.650
CCGGTACGA	9.143
GCGGTACGA	8.002
TCGGTACGA	8.289
AGGGTACGA	7.378
CGGGTACGA	8.064
GGGGTACGA	5.370
TGGGTACGA	5.836
ATGGTACGA	7.822
CTGGTACGA	7.842
GTGGTACGA	5.954
TTGGTACGA	5.950
AATGTACGA	2.982
CATGTACGA	3.058
GATGTACGA	2.264
ACTGTACGA	2.010
CCTGTACGA	1.331
GCTGTACGA	0.773
TCTGTACGA	0.053
AGTGTACGA	0.958
CGTGTACGA	1.472
ATTGTACGA	0.925
CTTGTACGA	0.774
AAGTTACGA	1.278
CAGTTACGA	1.526
GAGTTACGA	0.149
ACGTTACGA	1.146
CCGTTACGA	0.639
AAGGTCCGA	3.752
CAGGTCCGA	4.403
GAGGTCCGA	1.564
TAGGTCCGA	0.132
ACGGTCCGA	2.154
CCGGTCCGA	2.049
CGGGTCCGA	0.157
CTGGTCCGA	0.089
CAGGGGCGA	0.100
AAAGTGCGA	1.230
CAAGTGCGA	2.313
ACAGTGCGA	0.230
CCAGTGCGA	0.559
AACGTGCGA	2.635
CACGTGCGA	2.783
GACGTGCGA	1.103
ACCGTGCGA	1.556
CCCGTGCGA	0.949
CGCGTGCGA	0.028
ATCGTGCGA	0.001
AAGGTGCGA	7.160
CAGGTGCGA	7.747
GAGGTGCGA	5.509
TAGGTGCGA	4.187
ACGGTGCGA	7.199
CCGGTGCGA	7.032
GCGGTGCGA	5.030
TCGGTGCGA	5.528
AGGGTGCGA	4.082
CGGGTGCGA	5.108
GGGGTGCGA	1.553
TGGGTGCGA	2.231
ATGGTGCGA	4.836
CTGGTGCGA	5.196
GTGGTGCGA	2.447
TTGGTGCGA	2.655
AATGTGCGA	0.058
CATGTGCGA	0.474
AAGGTTCGA	5.488
CAGGTTCGA	5.357
GAGGTTCGA	2.890
TAGGTTCGA	1.117
ACGGTTCGA	3.376
CCGGTTCGA	2.490
GCGGTTCGA	0.259
TCGGTTCGA	0.307
AGGGTTCGA	0.107
CGGGTTCGA	0.414
ATGGTTCGA	2.037
CTGGTTCGA	1.678
AAGGAAGGA	1.268
CAGGAAGGA	1.602
GAGGAAGGA	0.052
ACGGAAGGA	0.415
AAGGCAGGA	1.698
CAGGCAGGA	2.032
GAGGCAGGA	0.481
ACGGCAGGA	0.844
CCGGCAGGA	0.424
AAGGGAGGA	1.804
CAGGGAGGA	2.139
GAGGGAGGA	0.588
ACGGGAGGA	0.951
CCGGGAGGA	0.530
AAGATAGGA	1.270
CAGATAGGA	1.604
GAGATAGGA	0.053
ACGATAGGA	0.416
AAGCTAGGA	1.179
CAGCTAGGA	1.513
ACGCTAGGA	0.326
AAAGTAGGA	3.631
CAAGTAGGA	4.461
GAAGTAGGA	2.428
TAAGTAGGA	0.856
ACAGTAGGA	1.738
CCAGTAGGA	1.814
GCAGTAGGA	0.017
TCAGTAGGA	0.266
AGAGTAGGA	0.811
CGAGTAGGA	2.080
CTAGTAGGA	0.359
AACGTAGGA	3.849
CACGTAGGA	3.743
GACGTAGGA	2.751
TACGTAGGA	1.269
ACCGTAGGA	1.877
CCCGTAGGA	1.017
GCCGTAGGA	0.261
TCCGTAGGA	0.601
AGCGTAGGA	0.734
CGCGTAGGA	1.066
ATCGTAGGA	0.749
CTCGTAGGA	0.415
AAGGTAGGA	9.452
CAGGTAGGA	9.786
GAGGTAGGA	8.235
TAGGTAGGA	6.999
ACGGTAGGA	8.598
CCGGTAGGA	8.178
GCGGTAGGA	6.864
TCGGTAGGA	7.448
AGGGTAGGA	6.453
CGGGTAGGA	7.225
GGGGTAGGA	4.358
TGGGTAGGA	5.122
ATGGTAGGA	6.662
CTGGTAGGA	6.769
GTGGTAGGA	4.708
TTGGTAGGA	5.002
AATGTAGGA	1.650
CATGTAGGA	1.812
GATGTAGGA	0.845
AAGTTAGGA	0.948
CAGTTAGGA	1.282
ACGTTAGGA	0.094
AAGGTCGGA	4.853
CAGGTCGGA	5.590
GAGGTCGGA	2.577
TAGGTCGGA	1.444
ACGGTCGGA	2.533
CCGGTCGGA	2.515
TCGGTCGGA	0.427
CGGGTCGGA	0.750
CTGGTCGGA	0.447
CAAGTGGGA	0.585
AAGGTGGGA	6.034
CAGGTGGGA	6.708
GAGGTGGGA	4.296
TAGGTGGGA	3.271
ACGGTGGGA	5.352
CCGGTGGGA	5.271
GCGGTGGGA	3.095
TCGGTGGGA	3.892
AGGGTGGGA	2.361
CGGGTGGGA	3.473
TGGGTGGGA	0.721
ATGGTGGGA	2.881
CTGGTGGGA	3.327
GTGGTGGGA	0.405
TTGGTGGGA	0.911
AAGGTTGGA	5.635
CAGGTTGGA	5.590
GAGGTTGGA	2.950
TAGGTTGGA	1.475
ACGGTTGGA	2.802
CCGGTTGGA	2.002
CGGGTTGGA	0.053
ATGGTTGGA	1.355
CTGGTTGGA	1.083
AAGGAATGA	0.922
CAGGAATGA	1.275
GAGGAATGA	0.365
ACGGAATGA	0.354
AAGGCATGA	1.351
CAGGCATGA	1.705
GAGGCATGA	0.795
ACGGCATGA	0.783
CCGGCATGA	0.382
AAGGGATGA	1.458
CAGGGATGA	1.812
GAGGGATGA	0.901
ACGGGATGA	0.890
CCGGGATGA	0.489
TCGGGATGA	0.076
AAGATATGA	0.924
CAGATATGA	1.277
GAGATATGA	0.367
ACGATATGA	0.355
AAGCTATGA	0.833
CAGCTATGA	1.186
GAGCTATGA	0.276
ACGCTATGA	0.265
AAAGTATGA	3.873
CAAGTATGA	4.723
GAAGTATGA	3.330
TAAGTATGA	1.434
ACAGTATGA	2.266
CCAGTATGA	2.361
GCAGTATGA	1.204
TCAGTATGA	1.130
AGAGTATGA	1.789
CGAGTATGA	3.077
GGAGTATGA	0.367
TGAGTATGA	0.472
ATAGTATGA	0.246
CTAGTATGA	0.868
AACGTATGA	4.392
CACGTATGA	4.305
GACGTATGA	3.954
TACGTATGA	2.149
ACCGTATGA	2.706
CCCGTATGA	1.864
GCCGTATGA	1.749
TCCGTATGA	1.765
AGCGTATGA	2.012
CGCGTATGA	2.364
GGCGTATGA	0.696
TGCGTATGA	0.891
ATCGTATGA	1.539
CTCGTATGA	1.225
GTCGTATGA	0.363
TTCGTATGA	0.088
AAGGTATGA	9.106
CAGGTATGA	9.459
GAGGTATGA	8.549
TAGGTATGA	6.989
ACGGTATGA	8.537
CCGGTATGA	8.136
GCGGTATGA	7.462
TCGGTATGA	7.723
AGGGTATGA	6.842
CGGGTATGA	7.633
GGGGTATGA	5.407
TGGGTATGA	5.847
ATGGTATGA	6.563
CTGGTATGA	6.689
GTGGTATGA	5.268
TTGGTATGA	5.239
AATGTATGA	2.552
CATGTATGA	2.733
GATGTATGA	2.406
ACTGTATGA	1.144
CCTGTATGA	0.570
GCTGTATGA	0.480
AGTGTATGA	0.668
CGTGTATGA	1.288
AAGTTATGA	0.602
CAGTTATGA	0.955
GAGTTATGA	0.045
ACGTTATGA	0.034
AAGGTCTGA	4.300
CAGGTCTGA	5.056
GAGGTCTGA	2.684
TAGGTCTGA	1.227
ACGGTCTGA	2.265
CCGGTCTGA	2.267
GCGGTCTGA	0.131
TCGGTCTGA	0.495
CGGGTCTGA	0.951
CTGGTCTGA	0.160
AAGGTGTGA	4.593
CAGGTGTGA	5.286
GAGGTGTGA	3.515
TAGGTGTGA	2.167
ACGGTGTGA	4.196
CCGGTGTGA	4.134
GCGGTGTGA	2.599
TCGGTGTGA	3.072
AGGGTGTGA	1.656
CGGGTGTGA	2.787
TGGGTGTGA	0.351
ATGGTGTGA	1.687
CTGGTGTGA	2.153
TTGGTGTGA	0.053
AAGGTTTGA	5.132
CAGGTTTGA	5.106
GAGGTTTGA	3.106
TAGGTTTGA	1.308
ACGGTTTGA	2.584
CCGGTTTGA	1.803
GCGGTTTGA	0.039
TCGGTTTGA	0.062
CGGGTTTGA	0.304
ATGGTTTGA	1.099
CTGGTTTGA	0.846
AAGGAAATA	0.305
CAGGAAATA	0.369
AAGGCAATA	0.734
CAGGCAATA	0.798
GAGGCAATA	0.201
AAGGGAATA	0.841
CAGGGAATA	0.905
GAGGGAATA	0.308
AAGATAATA	0.307
CAGATAATA	0.371
AAGCTAATA	0.216
CAGCTAATA	0.280
AAAGTAATA	0.917
CAAGTAATA	1.477
GAAGTAATA	0.397
AACGTAATA	2.096
CACGTAATA	1.720
GACGTAATA	1.682
TACGTAATA	0.325
AAGGTAATA	8.489
CAGGTAATA	8.553
GAGGTAATA	7.955
TAGGTAATA	6.844
ACGGTAATA	6.249
CCGGTAATA	5.558
GCGGTAATA	5.197
TCGGTAATA	5.907
AGGGTAATA	5.471
CGGGTAATA	5.973
GGGGTAATA	4.059
TGGGTAATA	4.948
ATGGTAATA	5.047
CTGGTAATA	4.884
GTGGTAATA	3.776
TTGGTAATA	4.195
CAGTTAATA	0.049
AAGGTCATA	2.533
CAGGTCATA	3.000
GAGGTCATA	0.941
AAGGTGATA	4.180
CAGGTGATA	4.584
GAGGTGATA	3.126
TAGGTGATA	2.227
ACGGTGATA	2.112
CCGGTGATA	1.761
GCGGTGATA	0.539
TCGGTGATA	1.461
AGGGTGATA	0.489
CGGGTGATA	1.332
ATGGTGATA	0.376
CTGGTGATA	0.552
AAGGTTATA	1.813
CAGGTTATA	1.499
AACGTACTA	0.159
AAGGTACTA	7.524
CAGGTACTA	7.637
GAGGTACTA	6.364
TAGGTACTA	4.640
ACGGTACTA	5.066
CCGGTACTA	4.424
GCGGTACTA	3.387
TCGGTACTA	3.484
AGGGTACTA	3.462
CGGGTACTA	4.013
GGGGTACTA	1.423
TGGGTACTA	1.699
ATGGTACTA	3.212
CTGGTACTA	3.097
GTGGTACTA	1.314
TTGGTACTA	1.120
AAGGTGCTA	2.480
CAGGTGCTA	2.933
GAGGTGCTA	0.798
ACGGTGCTA	0.193
AAGGTTCTA	1.003
CAGGTTCTA	0.737
AAGGTAGTA	5.694
CAGGTAGTA	5.893
GAGGTAGTA	4.447
TAGGTAGTA	3.020
ACGGTAGTA	2.515
CCGGTAGTA	1.959
GCGGTAGTA	0.749
TCGGTAGTA	1.144
AGGGTAGTA	1.038
CGGGTAGTA	1.675
ATGGTAGTA	0.553
CTGGTAGTA	0.525
CAGGTGGTA	0.394
AAGGTATTA	7.044
CAGGTATTA	7.262
GAGGTATTA	6.456
TAGGTATTA	4.706
ACGGTATTA	4.150
CCGGTATTA	3.613
GCGGTATTA	3.044
TCGGTATTA	3.115
AGGGTATTA	3.123
CGGGTATTA	3.779
GGGGTATTA	1.657
TGGGTATTA	1.907
ATGGTATTA	2.150
CTGGTATTA	2.141
GTGGTATTA	0.824
TTGGTATTA	0.605
AAGGTCTTA	0.046
CAGGTCTTA	0.667
AAGGTGTTA	0.110
CAGGTGTTA	0.668
AAGGTTTTA	0.844
CAGGTTTTA	0.683
AAGGCAAAC	0.384
CAGGCAAAC	0.069
AAGGGAAAC	0.491
CAGGGAAAC	0.176
AAAGTAAAC	1.685
CAAGTAAAC	1.866
GAAGTAAAC	0.756
AAGGTAAAC	8.138
CAGGTAAAC	7.823
GAGGTAAAC	7.196
TAGGTAAAC	5.883
ACGGTAAAC	5.877
CCGGTAAAC	4.807
GCGGTAAAC	4.417
TCGGTAAAC	4.925
AGGGTAAAC	4.452
CGGGTAAAC	4.575
GGGGTAAAC	2.632
TGGGTAAAC	3.319
ATGGTAAAC	4.684
CTGGTAAAC	4.141
GTGGTAAAC	3.003
TTGGTAAAC	3.221
AAGGTCAAC	2.223
CAGGTCAAC	2.311
GAGGTCAAC	0.222
AAGGTGAAC	5.535
CAGGTGAAC	5.560
GAGGTGAAC	4.072
TAGGTGAAC	2.971
ACGGTGAAC	3.446
CCGGTGAAC	2.716
GCGGTGAAC	1.464
TCGGTGAAC	2.184
AGGGTGAAC	1.176
CGGGTGAAC	1.639
ATGGTGAAC	1.718
CTGGTGAAC	1.515
AAGGTTAAC	2.302
CAGGTTAAC	1.608
AAGGTACAC	7.556
CAGGTACAC	7.290
GAGGTACAC	5.987
TAGGTACAC	4.061
ACGGTACAC	5.077
CCGGTACAC	4.056
GCGGTACAC	2.990
TCGGTACAC	2.884
AGGGTACAC	2.826
CGGGTACAC	2.998
GGGGTACAC	0.379
TGGGTACAC	0.453
ATGGTACAC	3.231
CTGGTACAC	2.737
GTGGTACAC	0.924
TTGGTACAC	0.528
AAGGTGCAC	4.218
CAGGTGCAC	4.291
GAGGTGCAC	2.127
TAGGTGCAC	0.413
ACGGTGCAC	1.910
CCGGTGCAC	1.229
AAGGTTCAC	1.875
CAGGTTCAC	1.229
AAGGTAGAC	7.067
CAGGTAGAC	6.887
GAGGTAGAC	5.411
TAGGTAGAC	3.783
ACGGTAGAC	3.867
CCGGTAGAC	2.932
GCGGTAGAC	1.693
TCGGTAGAC	1.885
AGGGTAGAC	1.743
CGGGTAGAC	2.001
ATGGTAGAC	1.914
CTGGTAGAC	1.506
AAGGTCGAC	0.317
CAGGTCGAC	0.539
AAGGTGGAC	2.934
CAGGTGGAC	3.093
GAGGTGGAC	0.756
AAGGTTGAC	1.863
CAGGTTGAC	1.304
AAGGTATAC	7.640
CAGGTATAC	7.479
GAGGTATAC	6.643
TAGGTATAC	4.692
ACGGTATAC	4.725
CCGGTATAC	3.809
GCGGTATAC	3.210
TCGGTATAC	3.079
AGGGTATAC	3.050
CGGGTATAC	3.328
GGGGTATAC	1.176
TGGGTATAC	1.224
ATGGTATAC	2.733
CTGGTATAC	2.345
GTGGTATAC	0.998
TTGGTATAC	0.577
AAGGTCTAC	0.682
CAGGTCTAC	0.924
AAGGTGTAC	2.411
CAGGTGTAC	2.590
GAGGTGTAC	0.893
AAGGTTTAC	2.279
CAGGTTTAC	1.739
AAGGAAACC	1.056
CAGGAAACC	0.478
GAGGAAACC	0.366
AAGGCAACC	1.485
CAGGCAACC	0.908
GAGGCAACC	0.795
AAGGGAACC	1.592
CAGGGAACC	1.015
GAGGGAACC	0.902
AAGATAACC	1.057
CAGATAACC	0.480
GAGATAACC	0.367
AAGCTAACC	0.967
CAGCTAACC	0.389
GAGCTAACC	0.277
AAAGTAACC	2.930
CAAGTAACC	2.849
GAAGTAACC	2.254
TAAGTAACC	0.033
AACGTAACC	4.348
CACGTAACC	3.331
GACGTAACC	3.777
TACGTAACC	1.647
ACCGTAACC	0.608
AGCGTAACC	0.396
ATCGTAACC	0.111
AAGGTAACC	9.239
CAGGTAACC	8.662
GAGGTAACC	8.549
TAGGTAACC	6.665
ACGGTAACC	6.617
CCGGTAACC	5.285
GCGGTAACC	5.408
TCGGTAACC	5.345
AGGGTAACC	5.403
CGGGTAACC	5.263
GGGGTAACC	3.834
TGGGTAACC	3.950
ATGGTAACC	5.313
CTGGTAACC	4.508
GTGGTAACC	3.885
TTGGTAACC	3.530
AATGTAACC	4.420
CATGTAACC	3.671
GATGTAACC	4.142
TATGTAACC	1.250
ACTGTAACC	0.958
GCTGTAACC	0.161
AGTGTAACC	0.964
CGTGTAACC	0.653
ATTGTAACC	0.398
AAGTTAACC	0.735
CAGTTAACC	0.158
GAGTTAACC	0.045
AAGGTCACC	2.818
CAGGTCACC	2.643
GAGGTCACC	1.069
AACGTGACC	1.212
CACGTGACC	0.535
GACGTGACC	0.120
AAGGTGACC	6.776
CAGGTGACC	6.539
GAGGTGACC	5.565
TAGGTGACC	3.893
ACGGTGACC	4.325
CCGGTGACC	3.333
GCGGTGACC	2.596
TCGGTGACC	2.744
AGGGTGACC	2.267
CGGGTGACC	2.467
GGGGTGACC	0.177
TGGGTGACC	0.505
ATGGTGACC	2.487
CTGGTGACC	2.022
GTGGTGACC	0.537
TTGGTGACC	0.395
AATGTGACC	1.656
CATGTGACC	1.247
GATGTGACC	0.857
AAGGAACCC	0.977
CAGGAACCC	0.448
AAGGCACCC	1.406
CAGGCACCC	0.877
GAGGCACCC	0.089
AAGGGACCC	1.513
CAGGGACCC	0.984
GAGGGACCC	0.196
AAGATACCC	0.978
CAGATACCC	0.450
AAGCTACCC	0.888
CAGCTACCC	0.359
AAAGTACCC	1.373
CAAGTACCC	1.341
GAAGTACCC	0.070
AACGTACCC	3.297
CACGTACCC	2.328
GACGTACCC	2.099
AAGGTACCC	9.160
CAGGTACCC	8.632
GAGGTACCC	7.843
TAGGTACCC	5.346
ACGGTACCC	6.320
CCGGTACCC	5.036
GCGGTACCC	4.484
TCGGTACCC	3.807
AGGGTACCC	4.280
CGGGTACCC	4.189
GGGGTACCC	2.084
TGGGTACCC	1.587
ATGGTACCC	4.364
CTGGTACCC	3.607
GTGGTACCC	2.308
TTGGTACCC	1.341
AATGTACCC	2.554
CATGTACCC	1.854
GATGTACCC	1.648
AAGTTACCC	0.656
CAGTTACCC	0.128
AAGGTCCCC	0.472
CAGGTCCCC	0.346
AAGGTGCCC	5.962
CAGGTGCCC	5.773
GAGGTGCCC	4.124
TAGGTGCCC	1.838
ACGGTGCCC	3.292
CCGGTGCCC	2.349
GCGGTGCCC	0.936
TCGGTGCCC	0.471
AGGGTGCCC	0.408
CGGGTGCCC	0.657
ATGGTGCCC	0.802
CTGGTGCCC	0.385
AAGGTAGCC	7.576
CAGGTAGCC	7.133
GAGGTAGCC	6.172
TAGGTAGCC	3.972
ACGGTAGCC	4.014
CCGGTAGCC	2.816
GCGGTAGCC	2.091
TCGGTAGCC	1.712
AGGGTAGCC	2.100
CGGGTAGCC	2.096
ATGGTAGCC	1.950
CTGGTAGCC	1.280
AAGGTCGCC	0.319
CAGGTCGCC	0.279
AAGGTGGCC	3.582
CAGGTGGCC	3.479
GAGGTGGCC	1.657
ACGGTGGCC	0.191
AAGGAATCC	0.147
AAGGCATCC	0.577
CAGGCATCC	0.153
AAGGGATCC	0.684
CAGGGATCC	0.260
AAGATATCC	0.149
AAGCTATCC	0.058
AAAGTATCC	0.444
CAAGTATCC	0.517
AACGTATCC	1.605
CACGTATCC	0.742
GACGTATCC	0.980
AAGGTATCC	8.331
CAGGTATCC	7.908
GAGGTATCC	7.587
TAGGTATCC	5.063
ACGGTATCC	5.054
CCGGTATCC	3.876
GCGGTATCC	3.791
TCGGTATCC	3.089
AGGGTATCC	3.591
CGGGTATCC	3.606
GGGGTATCC	1.968
TGGGTATCC	1.445
ATGGTATCC	2.952
CTGGTATCC	2.302
GTGGTATCC	1.470
TTGGTATCC	0.477
AATGTATCC	1.971
CATGTATCC	1.376
GATGTATCC	1.638
AAGGTCTCC	0.867
CAGGTCTCC	0.847
AAGGTGTCC	3.242
CAGGTGTCC	3.159
GAGGTGTCC	1.977
ACGGTGTCC	0.137
AAGGAAAGC	2.035
CAGGAAAGC	1.700
GAGGAAAGC	1.662
TAGGAAAGC	0.709
ACGGAAAGC	1.702
CCGGAAAGC	0.613
GCGGAAAGC	0.811
TCGGAAAGC	1.679
AGGGAAAGC	0.857
CGGGAAAGC	0.961
TGGGAAAGC	0.653
ATGGAAAGC	1.073
CTGGAAAGC	0.511
TTGGAAAGC	0.539
AAGGCAAGC	2.464
CAGGCAAGC	2.129
GAGGCAAGC	2.091
TAGGCAAGC	1.139
ACGGCAAGC	2.131
CCGGCAAGC	1.042
GCGGCAAGC	1.240
TCGGCAAGC	2.108
AGGGCAAGC	1.286
CGGGCAAGC	1.390
GGGGCAAGC	0.035
TGGGCAAGC	1.083
ATGGCAAGC	1.502
CTGGCAAGC	0.940
GTGGCAAGC	0.391
TTGGCAAGC	0.969
AAGGGAAGC	2.571
CAGGGAAGC	2.236
GAGGGAAGC	2.198
TAGGGAAGC	1.246
ACGGGAAGC	2.238
CCGGGAAGC	1.149
GCGGGAAGC	1.347
TCGGGAAGC	2.215
AGGGGAAGC	1.393
CGGGGAAGC	1.497
GGGGGAAGC	0.142
TGGGGAAGC	1.190
ATGGGAAGC	1.609
CTGGGAAGC	1.047
GTGGGAAGC	0.498
TTGGGAAGC	1.076
AAGATAAGC	2.036
CAGATAAGC	1.702
GAGATAAGC	1.664
TAGATAAGC	0.711
ACGATAAGC	1.703
CCGATAAGC	0.614
GCGATAAGC	0.812
TCGATAAGC	1.680
AGGATAAGC	0.858
CGGATAAGC	0.962
TGGATAAGC	0.655
ATGATAAGC	1.074
CTGATAAGC	0.512
TTGATAAGC	0.541
AAGCTAAGC	1.945
CAGCTAAGC	1.611
GAGCTAAGC	1.573
TAGCTAAGC	0.620
ACGCTAAGC	1.613
CCGCTAAGC	0.523
GCGCTAAGC	0.722
TCGCTAAGC	1.590
AGGCTAAGC	0.768
CGGCTAAGC	0.871
TGGCTAAGC	0.564
ATGCTAAGC	0.984
CTGCTAAGC	0.422
TTGCTAAGC	0.450
AAAGTAAGC	7.309
CAAGTAAGC	7.470
GAAGTAAGC	6.950
TAAGTAAGC	5.661
ACAGTAAGC	5.937
CCAGTAAGC	5.344
GCAGTAAGC	5.060
TCAGTAAGC	5.592
AGAGTAAGC	6.311
CGAGTAAGC	6.910
GGAGTAAGC	5.074
TGAGTAAGC	5.785
ATAGTAAGC	5.262
CTAGTAAGC	5.196
GTAGTAAGC	4.165
TTAGTAAGC	4.406
AACGTAAGC	7.351
CACGTAAGC	6.577
GACGTAAGC	7.098
TACGTAAGC	5.900
ACCGTAAGC	5.901
CCCGTAAGC	4.371
GCCGTAAGC	5.129
TCCGTAAGC	5.751
AGCGTAAGC	6.058
CGCGTAAGC	5.722
GGCGTAAGC	4.926
TGCGTAAGC	5.728
ATCGTAAGC	6.079
CTCGTAAGC	5.077
GTCGTAAGC	5.087
TTCGTAAGC	5.419
AAGGTAAGC	10.218
CAGGTAAGC	9.884
GAGGTAAGC	9.846
TAGGTAAGC	8.893
ACGGTAAGC	9.885
CCGGTAAGC	8.796
GCGGTAAGC	8.994
TCGGTAAGC	9.862
AGGGTAAGC	9.040
CGGGTAAGC	9.144
GGGGTAAGC	7.790
TGGGTAAGC	8.837
ATGGTAAGC	9.256
CTGGTAAGC	8.694
GTGGTAAGC	8.146
TTGGTAAGC	8.723
AATGTAAGC	6.120
CATGTAAGC	5.613
GATGTAAGC	6.159
TATGTAAGC	4.198
ACTGTAAGC	4.947
CCTGTAAGC	3.686
GCTGTAAGC	4.467
TCTGTAAGC	4.328
AGTGTAAGC	5.322
CGTGTAAGC	5.254
GGTGTAAGC	4.483
TGTGTAAGC	4.523
ATTGTAAGC	5.062
CTTGTAAGC	4.328
GTTGTAAGC	4.362
TTTGTAAGC	3.932
AAGTTAAGC	1.714
CAGTTAAGC	1.380
GAGTTAAGC	1.342
TAGTTAAGC	0.389
ACGTTAAGC	1.381
CCGTTAAGC	0.292
GCGTTAAGC	0.491
TCGTTAAGC	1.359
AGGTTAAGC	0.536
CGGTTAAGC	0.640
TGGTTAAGC	0.333
ATGTTAAGC	0.752
CTGTTAAGC	0.190
TTGTTAAGC	0.219
AACGTCAGC	1.362
CACGTCAGC	0.990
GACGTCAGC	0.050
AAGGTCAGC	7.094
CAGGTCAGC	7.162
GAGGTCAGC	5.663
TAGGTCAGC	4.813
ACGGTCAGC	5.295
CCGGTCAGC	4.608
GCGGTCAGC	3.345
TCGGTCAGC	4.316
AGGGTCAGC	3.638
CGGGTCAGC	4.144
GGGGTCAGC	1.328
TGGGTCAGC	2.478
ATGGTCAGC	4.006
CTGGTCAGC	3.847
GTGGTCAGC	1.837
TTGGTCAGC	2.517
AAGGAGAGC	1.414
CAGGAGAGC	1.419
GAGGAGAGC	0.520
ACGGAGAGC	1.252
CCGGAGAGC	0.503
TCGGAGAGC	0.920
CGGGAGAGC	0.006
ATGGAGAGC	0.089
AAGGCGAGC	1.843
CAGGCGAGC	1.848
GAGGCGAGC	0.949
TAGGCGAGC	0.208
ACGGCGAGC	1.682
CCGGCGAGC	0.932
GCGGCGAGC	0.269
TCGGCGAGC	1.349
CGGGCGAGC	0.435
ATGGCGAGC	0.518
CTGGCGAGC	0.296
AAGGGGAGC	1.950
CAGGGGAGC	1.955
GAGGGGAGC	1.056
TAGGGGAGC	0.315
ACGGGGAGC	1.788
CCGGGGAGC	1.039
GCGGGGAGC	0.376
TCGGGGAGC	1.456
AGGGGGAGC	0.099
CGGGGGAGC	0.542
ATGGGGAGC	0.625
CTGGGGAGC	0.403
AAGATGAGC	1.415
CAGATGAGC	1.420
GAGATGAGC	0.521
ACGATGAGC	1.254
CCGATGAGC	0.504
TCGATGAGC	0.921
CGGATGAGC	0.008
ATGATGAGC	0.090
AAGCTGAGC	1.324
CAGCTGAGC	1.330
GAGCTGAGC	0.431
ACGCTGAGC	1.163
CCGCTGAGC	0.414
TCGCTGAGC	0.831
AAAGTGAGC	5.890
CAAGTGAGC	6.392
GAAGTGAGC	5.010
TAAGTGAGC	3.933
ACAGTGAGC	4.690
CCAGTGAGC	4.437
GCAGTGAGC	3.291
TCAGTGAGC	4.035
AGAGTGAGC	4.219
CGAGTGAGC	5.159
GGAGTGAGC	2.461
TGAGTGAGC	3.384
ATAGTGAGC	3.480
CTAGTGAGC	3.754
GTAGTGAGC	1.862
TTAGTGAGC	2.315
AACGTGAGC	6.058
CACGTGAGC	5.623
GACGTGAGC	5.283
TACGTGAGC	4.296
ACCGTGAGC	4.778
CCCGTGAGC	3.589
GCCGTGAGC	3.485
TCCGTGAGC	4.319
AGCGTGAGC	4.091
CGCGTGAGC	4.094
GGCGTGAGC	2.438
TGCGTGAGC	3.451
ATCGTGAGC	4.422
CTCGTGAGC	3.760
GTCGTGAGC	2.909
TTCGTGAGC	3.453
AAGGTGAGC	9.597
CAGGTGAGC	9.602
GAGGTGAGC	8.703
TAGGTGAGC	7.962
ACGGTGAGC	9.436
CCGGTGAGC	8.686
GCGGTGAGC	8.024
TCGGTGAGC	9.103
AGGGTGAGC	7.746
CGGGTGAGC	8.190
GGGGTGAGC	5.974
TGGGTGAGC	7.233
ATGGTGAGC	8.272
CTGGTGAGC	8.050
GTGGTGAGC	6.640
TTGGTGAGC	7.429
AATGTGAGC	5.198
CATGTGAGC	5.031
GATGTGAGC	4.715
TATGTGAGC	2.967
ACTGTGAGC	4.196
CCTGTGAGC	3.275
GCTGTGAGC	3.195
TCTGTGAGC	3.268
AGTGTGAGC	3.727
CGTGTGAGC	3.999
GGTGTGAGC	2.366
TGTGTGAGC	2.618
ATTGTGAGC	3.776
CTTGTGAGC	3.383
GTTGTGAGC	2.556
TTTGTGAGC	2.338
AAGTTGAGC	1.093
CAGTTGAGC	1.098
GAGTTGAGC	0.199
ACGTTGAGC	0.932
CCGTTGAGC	0.182
TCGTTGAGC	0.599
AAGGTTAGC	5.610
CAGGTTAGC	4.896
GAGGTTAGC	3.768
TAGGTTAGC	2.577
ACGGTTAGC	3.297
CCGGTTAGC	1.829
GCGGTTAGC	0.937
TCGGTTAGC	1.566
AGGGTTAGC	1.455
CGGGTTAGC	1.180
ATGGTTAGC	3.157
CTGGTTAGC	2.216
GTGGTTAGC	0.577
TTGGTTAGC	0.916
AAGGAACGC	2.219
CAGGAACGC	1.933
GAGGAACGC	1.220
ACGGAACGC	1.668
CCGGAACGC	0.627
GCGGAACGC	0.150
TCGGAACGC	0.405
CGGGAACGC	0.149
ATGGAACGC	0.387
AAGGCACGC	2.648
CAGGCACGC	2.362
GAGGCACGC	1.649
TAGGCACGC	0.083
ACGGCACGC	2.097
CCGGCACGC	1.056
GCGGCACGC	0.579
TCGGCACGC	0.834
AGGGCACGC	0.426
CGGGCACGC	0.579
ATGGCACGC	0.816
CTGGCACGC	0.303
AAGGGACGC	2.755
CAGGGACGC	2.469
GAGGGACGC	1.756
TAGGGACGC	0.190
ACGGGACGC	2.204
CCGGGACGC	1.163
GCGGGACGC	0.686
TCGGGACGC	0.941
AGGGGACGC	0.533
CGGGGACGC	0.686
ATGGGACGC	0.923
CTGGGACGC	0.410
AAGATACGC	2.220
CAGATACGC	1.935
GAGATACGC	1.221
ACGATACGC	1.669
CCGATACGC	0.629
GCGATACGC	0.151
TCGATACGC	0.406
CGGATACGC	0.151
ATGATACGC	0.388
AAGCTACGC	2.130
CAGCTACGC	1.844
GAGCTACGC	1.130
ACGCTACGC	1.579
CCGCTACGC	0.538
GCGCTACGC	0.061
TCGCTACGC	0.316
CGGCTACGC	0.060
ATGCTACGC	0.298
AAAGTACGC	6.016
CAAGTACGC	6.226
GAAGTACGC	5.029
TAAGTACGC	3.128
ACAGTACGC	4.425
CCAGTACGC	3.881
GCAGTACGC	2.921
TCAGTACGC	2.840
AGAGTACGC	3.973
CGAGTACGC	4.622
GGAGTACGC	2.109
TGAGTACGC	2.207
ATAGTACGC	3.098
CTAGTACGC	3.081
GTAGTACGC	1.374
TTAGTACGC	1.002
AACGTACGC	6.563
CACGTACGC	5.837
GACGTACGC	5.683
TACGTACGC	3.871
ACCGTACGC	4.894
CCCGTACGC	3.413
GCCGTACGC	3.495
TCCGTACGC	3.505
AGCGTACGC	4.226
CGCGTACGC	3.938
GGCGTACGC	2.467
TGCGTACGC	2.656
ATCGTACGC	4.421
CTCGTACGC	3.467
GTCGTACGC	2.802
TTCGTACGC	2.521
AAGGTACGC	10.402
CAGGTACGC	10.117
GAGGTACGC	9.403
TAGGTACGC	7.837
ACGGTACGC	9.851
CCGGTACGC	8.811
GCGGTACGC	8.333
TCGGTACGC	8.588
AGGGTACGC	8.181
CGGGTACGC	8.333
GGGGTACGC	6.303
TGGGTACGC	6.737
ATGGTACGC	8.570
CTGGTACGC	8.057
GTGGTACGC	6.833
TTGGTACGC	6.797
AATGTACGC	4.517
CATGTACGC	4.059
GATGTACGC	3.929
TATGTACGC	1.355
ACTGTACGC	3.125
CCTGTACGC	1.913
GCTGTACGC	2.019
TCTGTACGC	1.267
AGTGTACGC	2.675
CGTGTACGC	2.656
GGTGTACGC	1.209
TGTGTACGC	0.636
ATTGTACGC	2.588
CTTGTACGC	1.903
GTTGTACGC	1.262
TTTGTACGC	0.219
AAGTTACGC	1.899
CAGTTACGC	1.613
GAGTTACGC	0.899
ACGTTACGC	1.347
CCGTTACGC	0.307
TCGTTACGC	0.084
ATGTTACGC	0.066
AAGGTCCGC	5.012
CAGGTCCGC	5.129
GAGGTCCGC	2.954
TAGGTCCGC	1.490
ACGGTCCGC	2.994
CCGGTCCGC	2.356
GCGGTCCGC	0.418
TCGGTCCGC	0.775
AGGGTCCGC	0.511
CGGGTCCGC	1.066
ATGGTCCGC	1.054
CTGGTCCGC	0.943
AAGGAGCGC	0.862
CAGGAGCGC	0.916
ACGGAGCGC	0.482
AAGGCGCGC	1.292
CAGGCGCGC	1.345
ACGGCGCGC	0.912
CCGGCGCGC	0.211
AAGGGGCGC	1.398
CAGGGGCGC	1.452
ACGGGGCGC	1.019
CCGGGGCGC	0.318
AAGATGCGC	0.864
CAGATGCGC	0.918
ACGATGCGC	0.484
AAGCTGCGC	0.773
CAGCTGCGC	0.827
ACGCTGCGC	0.393
AAAGTGCGC	3.861
CAAGTGCGC	4.411
GAAGTGCGC	2.354
TAAGTGCGC	0.664
ACAGTGCGC	2.443
CCAGTGCGC	2.238
GCAGTGCGC	0.417
TCAGTGCGC	0.548
AGAGTGCGC	1.146
CGAGTGCGC	2.134
ATAGTGCGC	0.581
CTAGTGCGC	0.903
AACGTGCGC	4.534
CACGTGCGC	4.148
GACGTGCGC	3.132
TACGTGCGC	1.532
ACCGTGCGC	3.036
CCCGTGCGC	1.895
GCCGTGCGC	1.116
TCCGTGCGC	1.337
AGCGTGCGC	1.523
CGCGTGCGC	1.575
ATCGTGCGC	2.028
CTCGTGCGC	1.414
AAGGTGCGC	9.046
CAGGTGCGC	9.100
GAGGTGCGC	7.525
TAGGTGCGC	6.171
ACGGTGCGC	8.666
CCGGTGCGC	7.965
GCGGTGCGC	6.627
TCGGTGCGC	7.093
AGGGTGCGC	6.151
CGGGTGCGC	6.643
GGGGTGCGC	3.752
TGGGTGCGC	4.397
ATGGTGCGC	6.850
CTGGTGCGC	6.677
GTGGTGCGC	4.591
TTGGTGCGC	4.767
AATGTGCGC	2.859
CATGTGCGC	2.741
GATGTGCGC	1.750
ACTGTGCGC	1.639
CCTGTGCGC	0.767
GCTGTGCGC	0.011
AGTGTGCGC	0.344
CGTGTGCGC	0.665
ATTGTGCGC	0.567
CTTGTGCGC	0.222
AAGTTGCGC	0.542
CAGTTGCGC	0.596
ACGTTGCGC	0.162
AAGGTTCGC	5.949
CAGGTTCGC	5.284
GAGGTTCGC	3.480
TAGGTTCGC	1.676
ACGGTTCGC	3.417
CCGGTTCGC	1.998
GCGGTTCGC	0.430
TCGGTTCGC	0.447
AGGGTTCGC	0.750
CGGGTTCGC	0.524
ATGGTTCGC	2.626
CTGGTTCGC	1.733
AAGGAAGGC	1.895
CAGGAAGGC	1.695
GAGGAAGGC	0.808
ACGGAAGGC	0.622
AAGGCAGGC	2.324
CAGGCAGGC	2.124
GAGGCAGGC	1.238
ACGGCAGGC	1.052
CCGGCAGGC	0.097
AAGGGAGGC	2.431
CAGGGAGGC	2.231
GAGGGAGGC	1.344
TAGGGAGGC	0.076
ACGGGAGGC	1.159
CCGGGAGGC	0.204
TCGGGAGGC	0.106
AAGATAGGC	1.896
CAGATAGGC	1.696
GAGATAGGC	0.810
ACGATAGGC	0.624
AAGCTAGGC	1.806
CAGCTAGGC	1.606
GAGCTAGGC	0.719
ACGCTAGGC	0.533
AAAGTAGGC	5.002
CAAGTAGGC	5.299
GAAGTAGGC	3.929
TAAGTAGGC	2.325
ACAGTAGGC	2.691
CCAGTAGGC	2.233
GCAGTAGGC	1.100
TCAGTAGGC	1.317
AGAGTAGGC	2.366
CGAGTAGGC	3.100
GGAGTAGGC	0.414
TGAGTAGGC	0.810
ATAGTAGGC	1.256
CTAGTAGGC	1.325
AACGTAGGC	4.487
CACGTAGGC	3.848
GACGTAGGC	3.520
TACGTAGGC	2.006
ACCGTAGGC	2.097
CCCGTAGGC	0.703
GCCGTAGGC	0.611
TCCGTAGGC	0.918
AGCGTAGGC	1.555
CGCGTAGGC	1.354
TGCGTAGGC	0.196
ATCGTAGGC	1.516
CTCGTAGGC	0.649
AAGGTAGGC	10.078
CAGGTAGGC	9.878
GAGGTAGGC	8.992
TAGGTAGGC	7.723
ACGGTAGGC	8.806
CCGGTAGGC	7.851
GCGGTAGGC	7.201
TCGGTAGGC	7.754
AGGGTAGGC	7.262
CGGGTAGGC	7.500
GGGGTAGGC	5.297
TGGGTAGGC	6.029
ATGGTAGGC	7.417
CTGGTAGGC	6.990
GTGGTAGGC	5.592
TTGGTAGGC	5.854
AATGTAGGC	3.191
CATGTAGGC	2.819
GATGTAGGC	2.515
TATGTAGGC	0.240
ACTGTAGGC	1.078
AGTGTAGGC	0.754
CGTGTAGGC	0.821
ATTGTAGGC	0.433
AAGTTAGGC	1.574
CAGTTAGGC	1.375
GAGTTAGGC	0.488
ACGTTAGGC	0.302
AAGGTCGGC	6.119
CAGGTCGGC	6.322
GAGGTCGGC	3.973
TAGGTCGGC	2.808
ACGGTCGGC	3.380
CCGGTCGGC	2.828
GCGGTCGGC	0.716
TCGGTCGGC	1.372
AGGGTCGGC	1.023
CGGGTCGGC	1.665
ATGGTCGGC	1.332
CTGGTCGGC	1.307
AAGGCGGGC	0.172
CAGGCGGGC	0.312
AAGGGGGGC	0.279
CAGGGGGGC	0.419
AAAGTGGGC	2.053
CAAGTGGGC	2.689
GAAGTGGGC	0.459
AACGTGGGC	1.662
CACGTGGGC	1.363
GACGTGGGC	0.174
AAGGTGGGC	7.926
CAGGTGGGC	8.066
GAGGTGGGC	6.318
TAGGTGGGC	5.262
ACGGTGGGC	6.825
CCGGTGGGC	6.210
GCGGTGGGC	4.699
TCGGTGGGC	5.463
AGGGTGGGC	4.436
CGGGTGGGC	5.015
GGGGTGGGC	1.950
TGGGTGGGC	2.894
ATGGTGGGC	4.902
CTGGTGGGC	4.814
GTGGTGGGC	2.556
TTGGTGGGC	3.030
AATGTGGGC	0.737
CATGTGGGC	0.706
AAGGTTGGC	6.102
CAGGTTGGC	5.523
GAGGTTGGC	3.546
TAGGTTGGC	2.040
ACGGTTGGC	2.849
CCGGTTGGC	1.516
TCGGTTGGC	0.090
AGGGTTGGC	0.309
CGGGTTGGC	0.169
ATGGTTGGC	1.950
CTGGTTGGC	1.144
AAGGAATGC	1.366
CAGGAATGC	1.185
GAGGAATGC	0.939
ACGGAATGC	0.379
AAGGCATGC	1.795
CAGGCATGC	1.615
GAGGCATGC	1.368
ACGGCATGC	0.808
TCGGCATGC	0.092
AAGGGATGC	1.902
CAGGGATGC	1.722
GAGGGATGC	1.475
ACGGGATGC	0.915
TCGGGATGC	0.199
CGGGGATGC	0.079
AAGATATGC	1.367
CAGATATGC	1.187
GAGATATGC	0.940
ACGATATGC	0.380
AAGCTATGC	1.277
CAGCTATGC	1.096
GAGCTATGC	0.850
ACGCTATGC	0.290
AAAGTATGC	5.062
CAAGTATGC	5.378
GAAGTATGC	4.649
TAAGTATGC	2.721
ACAGTATGC	3.036
CCAGTATGC	2.597
GCAGTATGC	2.104
TCAGTATGC	1.998
AGAGTATGC	3.161
CGAGTATGC	3.915
GGAGTATGC	1.869
TGAGTATGC	1.942
ATAGTATGC	1.563
CTAGTATGC	1.651
GTAGTATGC	0.412
TTAGTATGC	0.014
AACGTATGC	4.848
CACGTATGC	4.227
GACGTATGC	4.540
TACGTATGC	2.703
ACCGTATGC	2.743
CCCGTATGC	1.368
GCCGTATGC	1.916
TCCGTATGC	1.900
AGCGTATGC	2.651
CGCGTATGC	2.469
GGCGTATGC	1.465
TGCGTATGC	1.628
ATCGTATGC	2.124
CTCGTATGC	1.276
GTCGTATGC	1.077
TTCGTATGC	0.771
AAGGTATGC	9.549
CAGGTATGC	9.369
GAGGTATGC	9.122
TAGGTATGC	7.531
ACGGTATGC	8.562
CCGGTATGC	7.627
GCGGTATGC	7.617
TCGGTATGC	7.846
AGGGTATGC	7.468
CGGGTATGC	7.726
GGGGTATGC	6.163
TGGGTATGC	6.571
ATGGTATGC	7.135
CTGGTATGC	6.727
GTGGTATGC	5.970
TTGGTATGC	5.909
AATGTATGC	3.910
CATGTATGC	3.558
GATGTATGC	3.894
TATGTATGC	1.295
ACTGTATGC	2.083
CCTGTATGC	0.976
GCTGTATGC	1.549
TCTGTATGC	0.771
AGTGTATGC	2.209
CGTGTATGC	2.295
GGTGTATGC	1.315
TGTGTATGC	0.716
ATTGTATGC	1.400
CTTGTATGC	0.820
GTTGTATGC	0.646
AAGTTATGC	1.045
CAGTTATGC	0.865
GAGTTATGC	0.618
ACGTTATGC	0.058
AAGGTCTGC	5.383
CAGGTCTGC	5.605
GAGGTCTGC	3.897
TAGGTCTGC	2.408
ACGGTCTGC	2.930
CCGGTCTGC	2.397
GCGGTCTGC	0.925
TCGGTCTGC	1.257
AGGGTCTGC	1.023
CGGGTCTGC	1.683
ATGGTCTGC	0.843
CTGGTCTGC	0.838
AAAGTGTGC	1.018
CAAGTGTGC	1.673
GAAGTGTGC	0.083
AACGTGTGC	0.928
CACGTGTGC	0.648
GACGTGTGC	0.099
AAGGTGTGC	6.302
CAGGTGTGC	6.462
GAGGTGTGC	5.354
TAGGTGTGC	3.974
ACGGTGTGC	5.487
CCGGTGTGC	4.891
GCGGTGTGC	4.020
TCGGTGTGC	4.461
AGGGTGTGC	3.548
CGGGTGTGC	4.146
GGGGTGTGC	1.721
TGGGTGTGC	2.342
ATGGTGTGC	3.525
CTGGTGTGC	3.457
GTGGTGTGC	1.839
TTGGTGTGC	1.989
AATGTGTGC	0.362
CATGTGTGC	0.350
AAGGTTTGC	5.416
CAGGTTTGC	4.857
GAGGTTTGC	3.520
TAGGTTTGC	1.690
ACGGTTTGC	2.449
CCGGTTTGC	1.135
GCGGTTTGC	0.034
TCGGTTTGC	0.025
AGGGTTTGC	0.358
CGGGTTTGC	0.237
ATGGTTTGC	1.511
CTGGTTTGC	0.724
AAAGTAATC	0.631
CAAGTAATC	0.657
GAAGTAATC	0.241
AACGTAATC	1.077
CACGTAATC	0.167
GACGTAATC	0.793
AAGGTAATC	7.457
CAGGTAATC	6.987
GAGGTAATC	7.054
TAGGTAATC	5.911
ACGGTAATC	4.799
CCGGTAATC	3.574
GCGGTAATC	3.877
TCGGTAATC	4.555
AGGGTAATC	4.622
CGGGTAATC	4.590
GGGGTAATC	3.340
TGGGTAATC	4.198
ATGGTAATC	4.144
CTGGTAATC	3.447
GTGGTAATC	3.002
TTGGTAATC	3.390
AAGGTCATC	2.142
CAGGTCATC	2.075
GAGGTCATC	0.679
AAGGTGATC	4.415
CAGGTGATC	4.285
GAGGTGATC	3.490
TAGGTGATC	2.559
ACGGTGATC	1.928
CCGGTGATC	1.043
GCGGTGATC	0.485
TCGGTGATC	1.375
AGGGTGATC	0.906
CGGGTGATC	1.215
TGGGTGATC	0.173
ATGGTGATC	0.739
CTGGTGATC	0.381
AAGGTTATC	0.622
AACGTACTC	0.109
AAGGTACTC	7.462
CAGGTACTC	7.041
GAGGTACTC	6.431
TAGGTACTC	4.675
ACGGTACTC	4.585
CCGGTACTC	3.409
GCGGTACTC	3.036
TCGGTACTC	3.101
AGGGTACTC	3.582
CGGGTACTC	3.600
GGGGTACTC	1.674
TGGGTACTC	1.918
ATGGTACTC	3.278
CTGGTACTC	2.630
GTGGTACTC	1.510
TTGGTACTC	1.284
AAGGTGCTC	3.684
CAGGTGCTC	3.602
GAGGTGCTC	2.132
TAGGTGCTC	0.588
ACGGTGCTC	0.978
CCGGTGCTC	0.142
AAGGTTCTC	0.781
AAGGTAGTC	5.638
CAGGTAGTC	5.303
GAGGTAGTC	4.521
TAGGTAGTC	3.062
ACGGTAGTC	2.040
CCGGTAGTC	0.950
GCGGTAGTC	0.404
TCGGTAGTC	0.767
AGGGTAGTC	1.164
CGGGTAGTC	1.268
ATGGTAGTC	0.626
CTGGTAGTC	0.063
AAGGTGGTC	1.065
CAGGTGGTC	1.070
AAGGTATTC	6.805
CAGGTATTC	6.489
GAGGTATTC	6.347
TAGGTATTC	4.565
ACGGTATTC	3.492
CCGGTATTC	2.422
GCGGTATTC	2.516
TCGGTATTC	2.555
AGGGTATTC	3.066
CGGGTATTC	3.189
GGGGTATTC	1.730
TGGGTATTC	1.949
ATGGTATTC	2.040
CTGGTATTC	1.497
GTGGTATTC	0.844
TTGGTATTC	0.592
AAGGTCTTC	0.447
CAGGTCTTC	0.534
AAGGTGTTC	1.137
CAGGTGTTC	1.161
GAGGTGTTC	0.158
AAGGTTTTC	0.445
AAGGAAAAG	0.881
CAGGAAAAG	1.471
GAGGAAAAG	0.083
AAGGCAAAG	1.310
CAGGCAAAG	1.900
GAGGCAAAG	0.512
AAGGGAAAG	1.417
CAGGGAAAG	2.007
GAGGGAAAG	0.619
AAGATAAAG	0.882
CAGATAAAG	1.472
GAGATAAAG	0.085
AAGCTAAAG	0.791
CAGCTAAAG	1.382
AAAGTAAAG	1.604
CAAGTAAAG	2.690
GAAGTAAAG	0.820
AAGGTAAAG	9.064
CAGGTAAAG	9.654
GAGGTAAAG	8.267
TAGGTAAAG	6.935
ACGGTAAAG	7.003
CCGGTAAAG	6.838
GCGGTAAAG	5.687
TCGGTAAAG	6.176
AGGGTAAAG	5.204
CGGGTAAAG	6.232
GGGGTAAAG	3.528
TGGGTAAAG	4.196
ATGGTAAAG	5.391
CTGGTAAAG	5.754
GTGGTAAAG	3.855
TTGGTAAAG	4.054
AATGTAAAG	0.576
CATGTAAAG	0.995
GATGTAAAG	0.190
AAGTTAAAG	0.560
CAGTTAAAG	1.150
AAGGTCAAG	1.987
CAGGTCAAG	2.980
GAGGTCAAG	0.130
AAGGTGAAG	5.728
CAGGTGAAG	6.658
GAGGTGAAG	4.409
TAGGTGAAG	3.289
ACGGTGAAG	3.838
CCGGTGAAG	4.013
GCGGTGAAG	2.001
TCGGTGAAG	2.701
AGGGTGAAG	1.194
CGGGTGAAG	2.563
ATGGTGAAG	1.692
CTGGTGAAG	2.394
TTGGTGAAG	0.045
AAGGTTAAG	3.386
CAGGTTAAG	3.597
GAGGTTAAG	1.119
CAGGAACAG	0.498
AAGGCACAG	0.289
CAGGCACAG	0.927
AAGGGACAG	0.395
CAGGGACAG	1.034
CAGATACAG	0.500
CAGCTACAG	0.409
CAAGTACAG	0.239
AAGGTACAG	8.043
CAGGTACAG	8.682
GAGGTACAG	6.618
TAGGTACAG	4.673
ACGGTACAG	5.763
CCGGTACAG	5.647
GCGGTACAG	3.820
TCGGTACAG	3.696
AGGGTACAG	3.138
CGGGTACAG	4.215
GGGGTACAG	0.836
TGGGTACAG	0.890
ATGGTACAG	3.499
CTGGTACAG	3.911
GTGGTACAG	1.337
TTGGTACAG	0.922
CAGTTACAG	0.178
AAGGTGCAG	3.971
CAGGTGCAG	4.950
GAGGTGCAG	2.025
TAGGTGCAG	0.292
ACGGTGCAG	1.862
CCGGTGCAG	2.086
AAGGTTCAG	2.519
CAGGTTCAG	2.779
AAGGTAGAG	6.376
CAGGTAGAG	7.101
GAGGTAGAG	4.865
TAGGTAGAG	3.217
ACGGTAGAG	3.375
CCGGTAGAG	3.346
GCGGTAGAG	1.345
TCGGTAGAG	1.519
AGGGTAGAG	0.877
CGGGTAGAG	2.041
ATGGTAGAG	1.004
CTGGTAGAG	1.502
AAGGTGGAG	1.509
CAGGTGGAG	2.574
AAGGTTGAG	1.330
CAGGTTGAG	1.676
CAGGAATAG	0.544
AAGGCATAG	0.228
CAGGCATAG	0.973
AAGGGATAG	0.335
CAGGGATAG	1.080
CAGATATAG	0.545
CAGCTATAG	0.454
CAAGTATAG	0.185
AAGGTATAG	7.983
CAGGTATAG	8.727
GAGGTATAG	7.131
TAGGTATAG	5.160
ACGGTATAG	5.267
CCGGTATAG	5.256
GCGGTATAG	3.897
TCGGTATAG	3.747
AGGGTATAG	3.219
CGGGTATAG	4.402
GGGGTATAG	1.489
TGGGTATAG	1.518
ATGGTATAG	2.858
CTGGTATAG	3.374
GTGGTATAG	1.267
TTGGTATAG	0.827
CAGTTATAG	0.223
CAGGTCTAG	1.010
AAGGTGTAG	2.021
CAGGTGTAG	3.105
GAGGTGTAG	0.647
AAGGTTTAG	2.779
CAGGTTTAG	3.145
GAGGTTTAG	0.458
AAGGAAACG	2.010
CAGGAAACG	2.338
GAGGAAACG	1.464
AAGGCAACG	2.439
CAGGCAACG	2.767
GAGGCAACG	1.894
ACGGCAACG	0.016
AAGGGAACG	2.546
CAGGGAACG	2.874
GAGGGAACG	2.001
TAGGGAACG	0.097
ACGGGAACG	0.123
AAGATAACG	2.011
CAGATAACG	2.339
GAGATAACG	1.466
AAGCTAACG	1.921
CAGCTAACG	2.248
GAGCTAACG	1.375
AAAGTAACG	2.877
CAAGTAACG	3.701
GAAGTAACG	2.345
TAAGTAACG	0.105
CGAGTAACG	0.307
AACGTAACG	4.992
CACGTAACG	4.880
GACGTAACG	4.565
TACGTAACG	2.416
ACCGTAACG	1.451
CCCGTAACG	0.584
GCCGTAACG	0.506
TCCGTAACG	0.177
AGCGTAACG	0.865
CGCGTAACG	1.191
ATCGTAACG	0.536
CTCGTAACG	0.197
AAGGTAACG	10.193
CAGGTAACG	10.521
GAGGTAACG	9.648
TAGGTAACG	7.744
ACGGTAACG	7.770
CCGGTAACG	7.343
GCGGTAACG	6.706
TCGGTAACG	6.623
AGGGTAACG	6.182
CGGGTAACG	6.948
GGGGTAACG	4.759
TGGGTAACG	4.855
ATGGTAACG	6.048
CTGGTAACG	6.148
GTGGTAACG	4.765
TTGGTAACG	4.391
AATGTAACG	5.127
CATGTAACG	5.284
GATGTAACG	4.994
TATGTAACG	2.083
ACTGTAACG	1.864
CCTGTAACG	1.266
GCTGTAACG	1.212
TCTGTAACG	0.122
AGTGTAACG	1.497
CGTGTAACG	2.091
GGTGTAACG	0.485
ATTGTAACG	0.886
CTTGTAACG	0.815
GTTGTAACG	0.014
AAGTTAACG	1.689
CAGTTAACG	2.017
GAGTTAACG	1.144
AAGGTCACG	2.610
CAGGTCACG	3.340
GAGGTCACG	1.005
CAGGGGACG	0.018
CAAGTGACG	0.047
AACGTGACG	1.123
CACGTGACG	1.350
GACGTGACG	0.175
AAGGTGACG	6.997
CAGGTGACG	7.665
GAGGTGACG	5.930
TAGGTGACG	4.239
ACGGTGACG	4.745
CCGGTGACG	4.658
GCGGTGACG	3.160
TCGGTGACG	3.289
AGGGTGACG	2.313
CGGGTGACG	3.419
GGGGTGACG	0.368
TGGGTGACG	0.676
ATGGTGACG	2.489
CTGGTGACG	2.929
GTGGTGACG	0.684
TTGGTGACG	0.522
AATGTGACG	1.630
CATGTGACG	2.127
GATGTGACG	0.975
AAGGTTACG	0.443
CAGGTTACG	0.392
AAGGAACCG	1.491
CAGGAACCG	1.868
GAGGAACCG	0.319
AAGGCACCG	1.921
CAGGCACCG	2.297
GAGGCACCG	0.748
AAGGGACCG	2.028
CAGGGACCG	2.404
GAGGGACCG	0.855
AAGATACCG	1.493
CAGATACCG	1.869
GAGATACCG	0.321
AAGCTACCG	1.402
CAGCTACCG	1.779
GAGCTACCG	0.230
AAAGTACCG	0.881
CAAGTACCG	1.753
AACGTACCG	3.501
CACGTACCG	3.437
GACGTACCG	2.448
AAGGTACCG	9.675
CAGGTACCG	10.051
GAGGTACCG	8.503
TAGGTACCG	5.986
ACGGTACCG	7.033
CCGGTACCG	6.655
GCGGTACCG	5.343
TCGGTACCG	4.647
AGGGTACCG	4.620
CGGGTACCG	5.434
GGGGTACCG	2.569
TGGGTACCG	2.052
ATGGTACCG	4.660
CTGGTACCG	4.809
GTGGTACCG	2.749
TTGGTACCG	1.762
AATGTACCG	2.822
CATGTACCG	3.027
GATGTACCG	2.061
AAGTTACCG	1.171
CAGTTACCG	1.547
CAGGTCCCG	0.604
AAGGTGCCG	5.743
CAGGTGCCG	6.459
GAGGTGCCG	4.049
TAGGTGCCG	1.744
ACGGTGCCG	3.273
CCGGTGCCG	3.234
GCGGTGCCG	1.061
TCGGTGCCG	0.576
AGGGTGCCG	0.015
CGGGTGCCG	1.169
ATGGTGCCG	0.364
CTGGTGCCG	0.853
AAGGTTCCG	0.079
CAGGTTCCG	0.077
AAGGTAGCG	6.913
CAGGTAGCG	7.375
GAGGTAGCG	5.653
TAGGTAGCG	3.434
ACGGTAGCG	3.550
CCGGTAGCG	3.258
GCGGTAGCG	1.772
TCGGTAGCG	1.374
AGGGTAGCG	1.263
CGGGTAGCG	2.164
ATGGTAGCG	1.068
CTGGTAGCG	1.304
AAGGTGGCG	2.185
CAGGTGGCG	2.988
GAGGTGGCG	0.405
AAGGAATCG	0.518
CAGGAATCG	1.000
AAGGCATCG	0.948
CAGGCATCG	1.430
GAGGCATCG	0.348
AAGGGATCG	1.055
CAGGGATCG	1.537
GAGGGATCG	0.455
AAGATATCG	0.520
CAGATATCG	1.002
AAGCTATCG	0.429
CAGCTATCG	0.911
CAAGTATCG	0.786
AACGTATCG	1.666
CACGTATCG	1.708
GACGTATCG	1.185
AAGGTATCG	8.702
CAGGTATCG	9.184
GAGGTATCG	8.102
TAGGTATCG	5.560
ACGGTATCG	5.624
CCGGTATCG	5.351
GCGGTATCG	4.506
TCGGTATCG	3.785
AGGGTATCG	3.787
CGGGTATCG	4.708
GGGGTATCG	2.309
TGGGTATCG	1.767
ATGGTATCG	3.105
CTGGTATCG	3.359
GTGGTATCG	1.767
TTGGTATCG	0.754
AATGTATCG	2.095
CATGTATCG	2.406
GATGTATCG	1.907
AAGTTATCG	0.198
CAGTTATCG	0.680
AAGGTCTCG	0.076
CAGGTCTCG	0.961
AAGGTGTCG	2.880
CAGGTGTCG	3.702
GAGGTGTCG	1.759
CCGGTGTCG	0.041
AAGGAAAGG	2.329
CAGGAAAGG	2.900
GAGGAAAGG	2.101
TAGGAAAGG	1.129
ACGGAAAGG	2.195
CCGGAAAGG	2.011
GCGGAAAGG	1.449
TCGGAAAGG	2.298
AGGGAAAGG	0.977
CGGGAAAGG	1.986
TGGGAAAGG	0.898
ATGGAAAGG	1.148
CTGGAAAGG	1.492
GTGGAAAGG	0.182
TTGGAAAGG	0.740
AAGGCAAGG	2.758
CAGGCAAGG	3.329
GAGGCAAGG	2.530
TAGGCAAGG	1.558
ACGGCAAGG	2.625
CCGGCAAGG	2.440
GCGGCAAGG	1.878
TCGGCAAGG	2.727
AGGGCAAGG	1.406
CGGGCAAGG	2.415
GGGGCAAGG	0.300
TGGGCAAGG	1.328
ATGGCAAGG	1.578
CTGGCAAGG	1.921
GTGGCAAGG	0.612
TTGGCAAGG	1.170
CAAGGAAGG	0.015
AAGGGAAGG	2.865
CAGGGAAGG	3.436
GAGGGAAGG	2.637
TAGGGAAGG	1.665
ACGGGAAGG	2.731
CCGGGAAGG	2.547
GCGGGAAGG	1.985
TCGGGAAGG	2.834
AGGGGAAGG	1.513
CGGGGAAGG	2.522
GGGGGAAGG	0.407
TGGGGAAGG	1.435
ATGGGAAGG	1.685
CTGGGAAGG	2.028
GTGGGAAGG	0.718
TTGGGAAGG	1.277
AAGATAAGG	2.330
CAGATAAGG	2.901
GAGATAAGG	2.102
TAGATAAGG	1.130
ACGATAAGG	2.197
CCGATAAGG	2.013
GCGATAAGG	1.450
TCGATAAGG	2.299
AGGATAAGG	0.978
CGGATAAGG	1.987
TGGATAAGG	0.900
ATGATAAGG	1.150
CTGATAAGG	1.493
GTGATAAGG	0.184
TTGATAAGG	0.742
AAGCTAAGG	2.240
CAGCTAAGG	2.810
GAGCTAAGG	2.012
TAGCTAAGG	1.040
ACGCTAAGG	2.106
CCGCTAAGG	1.922
GCGCTAAGG	1.360
TCGCTAAGG	2.208
AGGCTAAGG	0.887
CGGCTAAGG	1.896
TGGCTAAGG	0.809
ATGCTAAGG	1.059
CTGCTAAGG	1.402
GTGCTAAGG	0.093
TTGCTAAGG	0.651
AAAGTAAGG	6.596
CAAGTAAGG	7.662
GAAGTAAGG	6.381
TAAGTAAGG	5.073
ACAGTAAGG	5.423
CCAGTAAGG	5.735
GCAGTAAGG	4.690
TCAGTAAGG	5.203
AGAGTAAGG	5.423
CGAGTAAGG	6.928
GGAGTAAGG	4.331
TGAGTAAGG	5.023
ATAGTAAGG	4.330
CTAGTAAGG	5.169
GTAGTAAGG	3.378
TTAGTAAGG	3.600
AACGTAAGG	7.335
CACGTAAGG	7.466
GACGTAAGG	7.226
TACGTAAGG	6.009
ACCGTAAGG	6.084
CCCGTAAGG	5.460
GCCGTAAGG	5.456
TCCGTAAGG	6.060
AGCGTAAGG	5.867
CGCGTAAGG	6.436
GGCGTAAGG	4.880
TGCGTAAGG	5.663
ATCGTAAGG	5.845
CTCGTAAGG	5.748
GTCGTAAGG	4.997
TTCGTAAGG	5.310
AAGGTAAGG	10.512
CAGGTAAGG	11.083
GAGGTAAGG	10.284
TAGGTAAGG	9.312
ACGGTAAGG	10.379
CCGGTAAGG	10.195
GCGGTAAGG	9.632
TCGGTAAGG	10.481
AGGGTAAGG	9.160
CGGGTAAGG	10.169
GGGGTAAGG	8.054
TGGGTAAGG	9.082
ATGGTAAGG	9.332
CTGGTAAGG	9.675
GTGGTAAGG	8.366
TTGGTAAGG	8.924
AATGTAAGG	6.167
CATGTAAGG	6.566
GATGTAAGG	6.351
TATGTAAGG	4.371
ACTGTAAGG	5.194
CCTGTAAGG	4.838
GCTGTAAGG	4.859
TCTGTAAGG	4.700
AGTGTAAGG	5.195
CGTGTAAGG	6.033
GGTGTAAGG	4.500
TGTGTAAGG	4.521
ATTGTAAGG	4.891
CTTGTAAGG	5.062
GTTGTAAGG	4.336
TTTGTAAGG	3.887
AAGTTAAGG	2.008
CAGTTAAGG	2.579
GAGTTAAGG	1.780
TAGTTAAGG	0.808
ACGTTAAGG	1.875
CCGTTAAGG	1.691
GCGTTAAGG	1.128
TCGTTAAGG	1.977
AGGTTAAGG	0.656
CGGTTAAGG	1.665
TGGTTAAGG	0.578
ATGTTAAGG	0.828
CTGTTAAGG	1.171
TTGTTAAGG	0.420
AACGTCAGG	0.184
CACGTCAGG	0.717
AAGGTCAGG	6.226
CAGGTCAGG	7.200
GAGGTCAGG	4.939
TAGGTCAGG	4.070
ACGGTCAGG	4.626
CCGGTCAGG	4.845
GCGGTCAGG	2.821
TCGGTCAGG	3.772
AGGGTCAGG	2.595
CGGGTCAGG	4.007
GGGGTCAGG	0.430
TGGGTCAGG	1.561
ATGGTCAGG	2.920
CTGGTCAGG	3.666
GTGGTCAGG	0.895
TTGGTCAGG	1.555
AAGGAGAGG	0.974
CAGGAGAGG	1.885
GAGGAGAGG	0.225
ACGGAGAGG	1.012
CCGGAGAGG	1.168
TCGGAGAGG	0.805
CGGGAGAGG	0.298
CTGGAGAGG	0.114
AAGGCGAGG	1.404
CAGGCGAGG	2.314
GAGGCGAGG	0.654
ACGGCGAGG	1.441
CCGGCGAGG	1.597
GCGGCGAGG	0.174
TCGGCGAGG	1.234
CGGGCGAGG	0.727
CTGGCGAGG	0.543
AAGGGGAGG	1.510
CAGGGGAGG	2.421
GAGGGGAGG	0.761
TAGGGGAGG	0.001
ACGGGGAGG	1.548
CCGGGGAGG	1.704
GCGGGGAGG	0.281
TCGGGGAGG	1.341
CGGGGGAGG	0.834
CTGGGGAGG	0.650
AAGATGAGG	0.976
CAGATGAGG	1.886
GAGATGAGG	0.227
ACGATGAGG	1.014
CCGATGAGG	1.169
TCGATGAGG	0.806
CGGATGAGG	0.299
CTGATGAGG	0.115
AAGCTGAGG	0.885
CAGCTGAGG	1.796
GAGCTGAGG	0.136
ACGCTGAGG	0.923
CCGCTGAGG	1.079
TCGCTGAGG	0.716
CGGCTGAGG	0.208
CTGCTGAGG	0.025
AAAGTGAGG	4.444
CAAGTGAGG	5.850
GAAGTGAGG	3.708
TAAGTGAGG	2.612
ACAGTGAGG	3.443
CCAGTGAGG	4.094
GCAGTGAGG	2.188
TCAGTGAGG	2.913
AGAGTGAGG	2.598
CGAGTGAGG	4.443
GGAGTGAGG	0.984
TGAGTGAGG	1.888
ATAGTGAGG	1.815
CTAGTGAGG	2.994
GTAGTGAGG	0.341
TTAGTGAGG	0.775
AACGTGAGG	5.308
CACGTGAGG	5.779
GACGTGAGG	4.678
TACGTGAGG	3.672
ACCGTGAGG	4.228
CCCGTGAGG	3.943
GCCGTGAGG	3.079
TCCGTGAGG	3.894
AGCGTGAGG	3.167
CGCGTGAGG	4.076
GGCGTGAGG	1.658
TGCGTGAGG	2.653
ATCGTGAGG	3.454
CTCGTGAGG	3.697
GTCGTGAGG	2.085
TTCGTGAGG	2.610
AAGGTGAGG	9.158
CAGGTGAGG	10.068
GAGGTGAGG	8.409
TAGGTGAGG	7.648
ACGGTGAGG	9.196
CCGGTGAGG	9.351
GCGGTGAGG	7.928
TCGGTGAGG	8.988
AGGGTGAGG	7.132
CGGGTGAGG	8.481
GGGGTGAGG	5.505
TGGGTGAGG	6.745
ATGGTGAGG	7.614
CTGGTGAGG	8.297
GTGGTGAGG	6.127
TTGGTGAGG	6.897
AATGTGAGG	4.512
CATGTGAGG	5.251
GATGTGAGG	4.174
TATGTGAGG	2.406
ACTGTGAGG	3.709
CCTGTGAGG	3.694
GCTGTGAGG	2.853
TCTGTGAGG	2.907
AGTGTGAGG	2.867
CGTGTGAGG	4.044
GGTGTGAGG	1.651
TGTGTGAGG	1.883
ATTGTGAGG	2.872
CTTGTGAGG	3.383
GTTGTGAGG	1.796
TTTGTGAGG	1.558
AAGTTGAGG	0.654
CAGTTGAGG	1.564
ACGTTGAGG	0.692
CCGTTGAGG	0.847
TCGTTGAGG	0.485
AAGGTTAGG	6.061
CAGGTTAGG	6.253
GAGGTTAGG	4.364
TAGGTTAGG	3.154
ACGGTTAGG	3.948
CCGGTTAGG	3.385
GCGGTTAGG	1.732
TCGGTTAGG	2.343
AGGGTTAGG	1.732
CGGGTTAGG	2.363
ATGGTTAGG	3.390
CTGGTTAGG	3.354
GTGGTTAGG	0.955
TTGGTTAGG	1.275
AAGGAACGG	2.074
CAGGAACGG	2.693
GAGGAACGG	1.219
ACGGAACGG	1.722
CCGGAACGG	1.586
GCGGAACGG	0.348
TCGGAACGG	0.584
CGGGAACGG	0.735
ATGGAACGG	0.023
CTGGAACGG	0.415
AAGGCACGG	2.503
CAGGCACGG	3.122
GAGGCACGG	1.648
TAGGCACGG	0.063
ACGGCACGG	2.151
CCGGCACGG	2.016
GCGGCACGG	0.778
TCGGCACGG	1.013
AGGGCACGG	0.107
CGGGCACGG	1.164
ATGGCACGG	0.452
CTGGCACGG	0.844
AAGGGACGG	2.610
CAGGGACGG	3.229
GAGGGACGG	1.755
TAGGGACGG	0.170
ACGGGACGG	2.258
CCGGGACGG	2.122
GCGGGACGG	0.885
TCGGGACGG	1.120
AGGGGACGG	0.214
CGGGGACGG	1.271
ATGGGACGG	0.559
CTGGGACGG	0.951
AAGATACGG	2.075
CAGATACGG	2.695
GAGATACGG	1.220
ACGATACGG	1.723
CCGATACGG	1.588
GCGATACGG	0.350
TCGATACGG	0.585
CGGATACGG	0.736
ATGATACGG	0.025
CTGATACGG	0.416
AAGCTACGG	1.985
CAGCTACGG	2.604
GAGCTACGG	1.130
ACGCTACGG	1.633
CCGCTACGG	1.497
GCGCTACGG	0.259
TCGCTACGG	0.495
CGGCTACGG	0.646
CTGCTACGG	0.326
AAAGTACGG	4.863
CAAGTACGG	5.978
GAAGTACGG	4.021
TAAGTACGG	2.100
ACAGTACGG	3.472
CCAGTACGG	3.832
GCAGTACGG	2.112
TCAGTACGG	2.012
AGAGTACGG	2.646
CGAGTACGG	4.200
GGAGTACGG	0.927
TGAGTACGG	1.005
ATAGTACGG	1.727
CTAGTACGG	2.615
GTAGTACGG	0.147
AACGTACGG	6.108
CACGTACGG	6.287
GACGTACGG	5.372
TACGTACGG	3.541
ACCGTACGG	4.638
CCCGTACGG	4.062
GCCGTACGG	3.383
TCCGTACGG	3.374
AGCGTACGG	3.596
CGCGTACGG	4.213
GGCGTACGG	1.982
TGCGTACGG	2.151
ATCGTACGG	3.747
CTCGTACGG	3.698
GTCGTACGG	2.272
TTCGTACGG	1.972
AAGGTACGG	10.257
CAGGTACGG	10.877
GAGGTACGG	9.402
TAGGTACGG	7.817
ACGGTACGG	9.905
CCGGTACGG	9.770
GCGGTACGG	8.532
TCGGTACGG	8.767
AGGGTACGG	7.861
CGGGTACGG	8.918
GGGGTACGG	6.128
TGGGTACGG	6.543
ATGGTACGG	8.207
CTGGTACGG	8.598
GTGGTACGG	6.613
TTGGTACGG	6.558
AATGTACGG	4.125
CATGTACGG	4.573
GATGTACGG	3.681
TATGTACGG	1.089
ACTGTACGG	2.933
CCTGTACGG	2.626
GCTGTACGG	1.971
TCTGTACGG	1.199
AGTGTACGG	2.109
CGTGTACGG	2.995
GGTGTACGG	0.787
TGTGTACGG	0.195
ATTGTACGG	1.978
CTTGTACGG	2.198
GTTGTACGG	0.796
AAGTTACGG	1.753
CAGTTACGG	2.373
GAGTTACGG	0.898
ACGTTACGG	1.401
CCGTTACGG	1.266
GCGTTACGG	0.028
TCGTTACGG	0.264
CGGTTACGG	0.415
CTGTTACGG	0.094
AAGGTCCGG	3.704
CAGGTCCGG	4.726
GAGGTCCGG	1.791
TAGGTCCGG	0.308
ACGGTCCGG	1.886
CCGGTCCGG	2.153
CGGGTCCGG	0.489
CTGGTCCGG	0.322
CAGGAGCGG	0.943
CCGGAGCGG	0.007
AAGGCGCGG	0.413
CAGGCGCGG	1.372
ACGGCGCGG	0.232
CCGGCGCGG	0.437
AAGGGGCGG	0.520
CAGGGGCGG	1.479
ACGGGGCGG	0.339
CCGGGGCGG	0.543
CAGATGCGG	0.944
CCGATGCGG	0.009
CAGCTGCGG	0.854
AAAGTGCGG	1.975
CAAGTGCGG	3.430
GAAGTGCGG	0.612
ACAGTGCGG	0.756
CCAGTGCGG	1.456
CGAGTGCGG	0.979
AACGTGCGG	3.345
CACGTGCGG	3.864
GACGTGCGG	2.087
TACGTGCGG	0.469
ACCGTGCGG	2.046
CCCGTGCGG	1.810
GCCGTGCGG	0.270
TCCGTGCGG	0.472
AGCGTGCGG	0.159
CGCGTGCGG	1.117
ATCGTGCGG	0.620
CTCGTGCGG	0.912
AAGGTGCGG	8.167
CAGGTGCGG	9.126
GAGGTGCGG	6.791
TAGGTGCGG	5.417
ACGGTGCGG	7.986
CCGGTGCGG	8.191
GCGGTGCGG	6.092
TCGGTGCGG	6.539
AGGGTGCGG	5.097
CGGGTGCGG	6.495
GGGGTGCGG	2.843
TGGGTGCGG	3.470
ATGGTGCGG	5.753
CTGGTGCGG	6.485
GTGGTGCGG	3.639
TTGGTGCGG	3.795
AATGTGCGG	1.734
CATGTGCGG	2.521
GATGTGCGG	0.769
ACTGTGCGG	0.713
CCTGTGCGG	0.746
CGTGTGCGG	0.270
CAGTTGCGG	0.622
AAGGTTCGG	5.961
CAGGTTCGG	6.201
GAGGTTCGG	3.637
TAGGTTCGG	1.813
ACGGTTCGG	3.629
CCGGTTCGG	3.115
GCGGTTCGG	0.786
TCGGTTCGG	0.784
AGGGTTCGG	0.588
CGGGTTCGG	1.267
ATGGTTCGG	2.419
CTGGTTCGG	2.432
AAGGAAGGG	0.572
CAGGAAGGG	1.278
AAGGCAGGG	1.001
CAGGCAGGG	1.707
GAGGCAGGG	0.059
AAGGGAGGG	1.108
CAGGGAGGG	1.814
GAGGGAGGG	0.166
ACGGGAGGG	0.035
AAGATAGGG	0.573
CAGATAGGG	1.279
AAGCTAGGG	0.483
CAGCTAGGG	1.188
AAAGTAGGG	2.672
CAAGTAGGG	3.874
GAAGTAGGG	1.744
TAAGTAGGG	0.120
ACAGTAGGG	0.560
CCAGTAGGG	1.007
CGAGTAGGG	1.501
AACGTAGGG	2.854
CACGTAGGG	3.120
GACGTAGGG	2.031
TACGTAGGG	0.498
ACCGTAGGG	0.663
CCCGTAGGG	0.174
CGCGTAGGG	0.452
AAGGTAGGG	8.755
CAGGTAGGG	9.461
GAGGTAGGG	7.813
TAGGTAGGG	6.526
ACGGTAGGG	7.682
CCGGTAGGG	7.633
GCGGTAGGG	6.222
TCGGTAGGG	6.755
AGGGTAGGG	5.764
CGGGTAGGG	6.908
GGGGTAGGG	3.944
TGGGTAGGG	4.657
ATGGTAGGG	5.876
CTGGTAGGG	6.354
GTGGTAGGG	4.195
TTGGTAGGG	4.438
AATGTAGGG	1.621
CATGTAGGG	2.155
GATGTAGGG	1.091
AAGTTAGGG	0.251
CAGTTAGGG	0.957
AAGGTCGGG	3.634
CAGGTCGGG	4.742
GAGGTCGGG	1.633
TAGGTCGGG	0.448
ACGGTCGGG	1.094
CCGGTCGGG	1.448
CAAGTGGGG	0.531
AAGGTGGGG	5.870
CAGGTGGGG	6.915
GAGGTGGGG	4.407
TAGGTGGGG	3.331
ACGGTGGGG	4.968
CCGGTGGGG	5.259
GCGGTGGGG	2.986
TCGGTGGGG	3.732
AGGGTGGGG	2.206
CGGGTGGGG	3.689
TGGGTGGGG	0.789
ATGGTGGGG	2.627
CTGGTGGGG	3.445
GTGGTGGGG	0.425
TTGGTGGGG	0.880
AAGGTTGGG	4.937
CAGGTTGGG	5.263
GAGGTTGGG	2.526
TAGGTTGGG	1.000
ACGGTTGGG	1.883
CCGGTTGGG	1.455
ATGGTTGGG	0.566
CTGGTTGGG	0.665
AAGGAATGG	1.077
CAGGAATGG	1.802
GAGGAATGG	0.795
ACGGAATGG	0.289
CCGGAATGG	0.259
AAGGCATGG	1.506
CAGGCATGG	2.231
GAGGCATGG	1.224
ACGGCATGG	0.718
CCGGCATGG	0.688
TCGGCATGG	0.128
CGGGCATGG	0.414
AAGGGATGG	1.613
CAGGGATGG	2.338
GAGGGATGG	1.331
ACGGGATGG	0.825
CCGGGATGG	0.795
GCGGGATGG	0.024
TCGGGATGG	0.234
CGGGGATGG	0.521
AAGATATGG	1.078
CAGATATGG	1.803
GAGATATGG	0.796
ACGATATGG	0.290
CCGATATGG	0.260
AAGCTATGG	0.988
CAGCTATGG	1.713
GAGCTATGG	0.705
ACGCTATGG	0.200
CCGCTATGG	0.170
AAAGTATGG	3.766
CAAGTATGG	4.987
GAAGTATGG	3.497
TAAGTATGG	1.550
ACAGTATGG	1.939
CCAGTATGG	2.405
GCAGTATGG	1.152
TCAGTATGG	1.026
AGAGTATGG	1.690
CGAGTATGG	3.349
GGAGTATGG	0.543
TGAGTATGG	0.596
ATAGTATGG	0.049
CTAGTATGG	1.042
AACGTATGG	4.249
CACGTATGG	4.534
GACGTATGG	4.085
TACGTATGG	2.229
ACCGTATGG	2.343
CCCGTATGG	1.873
GCCGTATGG	1.661
TCCGTATGG	1.626
AGCGTATGG	1.878
CGCGTATGG	2.601
GGCGTATGG	0.836
TGCGTATGG	0.980
ATCGTATGG	1.306
CTCGTATGG	1.363
GTCGTATGG	0.404
TTCGTATGG	0.078
AAGGTATGG	9.260
CAGGTATGG	9.985
GAGGTATGG	8.978
TAGGTATGG	7.367
ACGGTATGG	8.472
CCGGTATGG	8.442
GCGGTATGG	7.672
TCGGTATGG	7.882
AGGGTATGG	7.005
CGGGTATGG	8.168
GGGGTATGG	5.844
TGGGTATGG	6.233
ATGGTATGG	6.628
CTGGTATGG	7.125
GTGGTATGG	5.607
TTGGTATGG	5.527
AATGTATGG	3.374
CATGTATGG	3.927
GATGTATGG	3.503
TATGTATGG	0.885
ACTGTATGG	1.746
CCTGTATGG	1.545
GCTGTATGG	1.357
TCTGTATGG	0.560
AGTGTATGG	1.499
CGTGTATGG	2.490
GGTGTATGG	0.750
TGTGTATGG	0.132
ATTGTATGG	0.646
CTTGTATGG	0.971
GTTGTATGG	0.036
AAGTTATGG	0.756
CAGTTATGG	1.481
GAGTTATGG	0.474
AAGGTCTGG	3.932
CAGGTCTGG	5.059
GAGGTCTGG	2.591
TAGGTCTGG	1.082
ACGGTCTGG	1.678
CCGGTCTGG	2.050
TCGGTCTGG	0.131
CGGGTCTGG	0.963
CTGGTCTGG	0.073
CAAGTGTGG	0.549
CACGTGTGG	0.220
AAGGTGTGG	5.280
CAGGTGTGG	6.345
GAGGTGTGG	4.476
TAGGTGTGG	3.077
ACGGTGTGG	4.663
CCGGTGTGG	4.973
GCGGTGTGG	3.341
TCGGTGTGG	3.763
AGGGTGTGG	2.351
CGGGTGTGG	3.854
GGGGTGTGG	0.669
TGGGTGTGG	1.270
ATGGTGTGG	2.284
CTGGTGTGG	3.121
GTGGTGTGG	0.742
TTGGTGTGG	0.874
AAGGTTTGG	5.285
CAGGTTTGG	5.631
GAGGTTTGG	3.533
TAGGTTTGG	1.684
ACGGTTTGG	2.517
CCGGTTTGG	2.108
GCGGTTTGG	0.247
TCGGTTTGG	0.218
AGGGTTTGG	0.052
CGGGTTTGG	0.837
ATGGTTTGG	1.161
CTGGTTTGG	1.280
AAGGAAATG	0.810
CAGGAAATG	1.245
GAGGAAATG	0.551
AAGGCAATG	1.239
CAGGCAATG	1.674
GAGGCAATG	0.980
AAGGGAATG	1.346
CAGGGAATG	1.781
GAGGGAATG	1.087
AAGATAATG	0.811
CAGATAATG	1.247
GAGATAATG	0.552
AAGCTAATG	0.720
CAGCTAATG	1.156
GAGCTAATG	0.462
AAAGTAATG	1.160
CAAGTAATG	2.091
GAAGTAATG	0.914
AACGTAATG	2.303
CACGTAATG	2.298
GACGTAATG	2.163
TACGTAATG	0.755
AAGGTAATG	8.993
CAGGTAATG	9.429
GAGGTAATG	8.734
TAGGTAATG	7.572
ACGGTAATG	6.534
CCGGTAATG	6.215
GCGGTAATG	5.757
TCGGTAATG	6.415
AGGGTAATG	5.984
CGGGTAATG	6.857
GGGGTAATG	4.847
TGGGTAATG	5.684
ATGGTAATG	5.461
CTGGTAATG	5.669
GTGGTAATG	4.464
TTGGTAATG	4.832
AAGTTAATG	0.489
CAGTTAATG	0.925
GAGTTAATG	0.230
AAGGTCATG	2.515
CAGGTCATG	3.354
GAGGTCATG	1.198
TAGGTCATG	0.138
AAGGTGATG	5.217
CAGGTGATG	5.993
GAGGTGATG	4.437
TAGGTGATG	3.487
ACGGTGATG	2.929
CCGGTGATG	2.950
GCGGTGATG	1.631
TCGGTGATG	2.502
AGGGTGATG	1.535
CGGGTGATG	2.748
TGGGTGATG	0.926
ATGGTGATG	1.323
CTGGTGATG	1.870
TTGGTGATG	0.384
AAGGTTATG	2.316
CAGGTTATG	2.373
GAGGTTATG	0.588
AAGGAACTG	0.375
CAGGAACTG	0.859
AAGGCACTG	0.804
CAGGCACTG	1.288
AAGGGACTG	0.911
CAGGGACTG	1.395
GAGGGACTG	0.025
AAGATACTG	0.376
CAGATACTG	0.860
AAGCTACTG	0.286
CAGCTACTG	0.770
CAAGTACTG	0.227
AACGTACTG	0.896
CACGTACTG	0.940
GACGTACTG	0.129
AAGGTACTG	8.558
CAGGTACTG	9.042
GAGGTACTG	7.672
TAGGTACTG	5.897
ACGGTACTG	5.880
CCGGTACTG	5.610
GCGGTACTG	4.476
TCGGTACTG	4.522
AGGGTACTG	4.504
CGGGTACTG	5.427
GGGGTACTG	2.740
TGGGTACTG	2.965
ATGGTACTG	4.156
CTGGTACTG	4.413
GTGGTACTG	2.532
TTGGTACTG	2.287
AAGTTACTG	0.054
CAGTTACTG	0.538
CAGGTCCTG	0.701
AAGGTGCTG	4.047
CAGGTGCTG	4.871
GAGGTGCTG	2.640
TAGGTGCTG	1.076
ACGGTGCTG	1.540
CCGGTGCTG	1.610
CGGGTGCTG	0.582
AAGGTTCTG	2.036
CAGGTTCTG	2.141
AAGGTAGTG	5.557
CAGGTAGTG	6.127
GAGGTAGTG	4.584
TAGGTAGTG	3.107
ACGGTAGTG	2.158
CCGGTAGTG	1.974
GCGGTAGTG	0.667
TCGGTAGTG	1.010
AGGGTAGTG	0.909
CGGGTAGTG	1.917
ATGGTAGTG	0.326
CTGGTAGTG	0.669
AAGGTGGTG	0.250
CAGGTGGTG	1.160
CAGGAATTG	0.164
AAGGCATTG	0.004
CAGGCATTG	0.593
AAGGGATTG	0.111
CAGGGATTG	0.700
CAGATATTG	0.165
CAGCTATTG	0.075
AAGGTATTG	7.758
CAGGTATTG	8.348
GAGGTATTG	7.445
TAGGTATTG	5.644
ACGGTATTG	4.644
CCGGTATTG	4.479
GCGGTATTG	3.813
TCGGTATTG	3.833
AGGGTATTG	3.845
CGGGTATTG	4.873
GGGGTATTG	2.654
TGGGTATTG	2.853
ATGGTATTG	2.774
CTGGTATTG	3.136
GTGGTATTG	1.723
TTGGTATTG	1.452
AAGGTCTTG	0.238
CAGGTCTTG	1.230
AAGGTGTTG	1.356
CAGGTGTTG	2.286
GAGGTGTTG	0.522
AAGGTTTTG	1.556
CAGGTTTTG	1.767
AAGGAAAAT	0.701
CAGGAAAAT	0.580
GAGGAAAAT	0.211
AAGGCAAAT	1.130
CAGGCAAAT	1.010
GAGGCAAAT	0.641
ACGGCAAAT	0.010
AAGGGAAAT	1.237
CAGGGAAAT	1.117
GAGGGAAAT	0.748
ACGGGAAAT	0.117
AAGATAAAT	0.702
CAGATAAAT	0.582
GAGATAAAT	0.213
AAGCTAAAT	0.612
CAGCTAAAT	0.491
GAGCTAAAT	0.122
AAAGTAAAT	4.064
CAAGTAAAT	4.439
GAAGTAAAT	3.588
TAAGTAAAT	1.478
ACAGTAAAT	1.905
CCAGTAAAT	1.526
GCAGTAAAT	0.911
TCAGTAAAT	0.622
AGAGTAAAT	1.188
CGAGTAAAT	2.001
ATAGTAAAT	0.501
CTAGTAAAT	0.649
AACGTAAAT	0.440
GACGTAAAT	0.069
AAGGTAAAT	8.884
CAGGTAAAT	8.764
GAGGTAAAT	8.395
TAGGTAAAT	6.621
ACGGTAAAT	7.765
CCGGTAAAT	6.889
GCGGTAAAT	6.757
TCGGTAAAT	6.804
AGGGTAAAT	5.829
CGGGTAAAT	6.146
GGGGTAAAT	4.461
TGGGTAAAT	4.687
ATGGTAAAT	6.407
CTGGTAAAT	6.059
GTGGTAAAT	5.179
TTGGTAAAT	4.935
AATGTAAAT	2.367
CATGTAAAT	2.074
GATGTAAAT	2.289
ACTGTAAAT	0.407
AAGTTAAAT	0.380
CAGTTAAAT	0.260
AAGGTCAAT	3.773
CAGGTCAAT	4.055
GAGGTCAAT	2.225
TAGGTCAAT	0.554
ACGGTCAAT	1.187
CCGGTCAAT	0.715
AAAGTGAAT	0.760
CAAGTGAAT	1.475
AAGGTGAAT	6.378
CAGGTGAAT	6.597
GAGGTGAAT	5.367
TAGGTGAAT	3.805
ACGGTGAAT	5.430
CCGGTGAAT	4.894
GCGGTGAAT	3.901
TCGGTGAAT	4.159
AGGGTGAAT	2.649
CGGGTGAAT	3.307
GGGGTGAAT	0.760
TGGGTGAAT	1.198
ATGGTGAAT	3.537
CTGGTGAAT	3.529
GTGGTGAAT	1.788
TTGGTGAAT	1.756
AAGGTTAAT	5.200
CAGGTTAAT	4.701
GAGGTTAAT	3.242
TAGGTTAAT	1.229
ACGGTTAAT	2.100
CCGGTTAAT	0.846
ATGGTTAAT	1.232
CTGGTTAAT	0.505
AAGGCACAT	0.112
CAGGCACAT	0.040
AAGGGACAT	0.218
CAGGGACAT	0.147
AAAGTACAT	1.567
CAAGTACAT	1.991
GAAGTACAT	0.464
AAGGTACAT	7.866
CAGGTACAT	7.794
GAGGTACAT	6.749
TAGGTACAT	4.362
ACGGTACAT	6.528
CCGGTACAT	5.701
GCGGTACAT	4.893
TCGGTACAT	4.326
AGGGTACAT	3.766
CGGGTACAT	4.132
GGGGTACAT	1.771
TGGGTACAT	1.384
ATGGTACAT	4.518
CTGGTACAT	4.218
GTGGTACAT	2.663
TTGGTACAT	1.806
AAGGTCCAT	0.488
CAGGTCCAT	0.819
AAGGTGCAT	4.624
CAGGTGCAT	4.892
GAGGTGCAT	2.986
TAGGTGCAT	0.811
ACGGTGCAT	3.457
CCGGTGCAT	2.970
GCGGTGCAT	1.301
TCGGTGCAT	0.946
CGGGTGCAT	0.557
ATGGTGCAT	0.913
CTGGTGCAT	0.953
AAGGTTCAT	4.336
CAGGTTCAT	3.885
GAGGTTCAT	1.751
ACGGTTCAT	1.018
AAAGTAGAT	0.253
CAAGTAGAT	0.764
AAGGTAGAT	7.241
CAGGTAGAT	7.255
GAGGTAGAT	6.037
TAGGTAGAT	3.948
ACGGTAGAT	5.181
CCGGTAGAT	4.441
GCGGTAGAT	3.459
TCGGTAGAT	3.191
AGGGTAGAT	2.546
CGGGTAGAT	2.999
GGGGTAGAT	0.464
TGGGTAGAT	0.375
ATGGTAGAT	3.064
CTGGTAGAT	2.851
GTGGTAGAT	1.122
TTGGTAGAT	0.563
AAGGTCGAT	1.294
CAGGTCGAT	1.711
AAGGTGGAT	3.203
CAGGTGGAT	3.558
GAGGTGGAT	1.479
ACGGTGGAT	1.315
CCGGTGGAT	0.915
AAGGTTGAT	4.189
CAGGTTGAT	3.824
GAGGTTGAT	1.516
ACGGTTGAT	0.149
AAGGCATAT	0.090
CAGGCATAT	0.124
AAGGGATAT	0.197
CAGGGATAT	0.231
AAAGTATAT	1.446
CAAGTATAT	1.975
GAAGTATAT	0.915
AAGGTATAT	7.844
CAGGTATAT	7.878
GAGGTATAT	7.300
TAGGTATAT	4.888
ACGGTATAT	6.070
CCGGTATAT	5.349
GCGGTATAT	5.008
TCGGTATAT	4.416
AGGGTATAT	3.885
CGGGTATAT	4.357
GGGGTATAT	2.463
TGGGTATAT	2.050
ATGGTATAT	3.915
CTGGTATAT	3.721
GTGGTATAT	2.633
TTGGTATAT	1.750
AAGGTCTAT	1.691
CAGGTCTAT	2.127
GAGGTCTAT	0.088
AAGGTGTAT	2.712
CAGGTGTAT	3.086
GAGGTGTAT	1.647
ACGGTGTAT	1.109
CCGGTGTAT	0.728
AAGGTTTAT	4.635
CAGGTTTAT	4.290
GAGGTTTAT	2.622
ACGGTTTAT	0.881
AAGGAAACT	0.826
CAGGAAACT	0.443
GAGGAAACT	0.589
AAGGCAACT	1.255
CAGGCAACT	0.872
GAGGCAACT	1.018
AAGGGAACT	1.362
CAGGGAACT	0.979
GAGGGAACT	1.125
AAGATAACT	0.827
CAGATAACT	0.444
GAGATAACT	0.590
AAGCTAACT	0.737
CAGCTAACT	0.354
GAGCTAACT	0.499
AAAGTAACT	4.333
CAAGTAACT	4.446
GAAGTAACT	4.109
TAAGTAACT	1.427
ACAGTAACT	1.812
CCAGTAACT	1.170
GCAGTAACT	1.070
TCAGTAACT	0.209
AGAGTAACT	1.306
CGAGTAACT	1.857
GGAGTAACT	0.204
ATAGTAACT	0.298
CTAGTAACT	0.183
AACGTAACT	6.722
CACGTAACT	5.899
GACGTAACT	6.603
TACGTAACT	4.012
ACCGTAACT	4.122
CCCGTAACT	2.544
GCCGTAACT	3.485
TCCGTAACT	2.715
AGCGTAACT	3.399
CGCGTAACT	3.015
GGCGTAACT	2.403
TGCGTAACT	1.812
ATCGTAACT	3.462
CTCGTAACT	2.411
GTCGTAACT	2.605
TTCGTAACT	1.544
AAGGTAACT	9.009
CAGGTAACT	8.626
GAGGTAACT	8.772
TAGGTAACT	6.426
ACGGTAACT	7.528
CCGGTAACT	6.390
GCGGTAACT	6.772
TCGGTAACT	6.247
AGGGTAACT	5.803
CGGGTAACT	5.858
GGGGTAACT	4.687
TGGGTAACT	4.342
ATGGTAACT	6.060
CTGGTAACT	5.449
GTGGTAACT	5.084
TTGGTAACT	4.269
AATGTAACT	5.914
CATGTAACT	5.359
GATGTAACT	6.088
TATGTAACT	2.735
ACTGTAACT	3.592
CCTGTAACT	2.283
GCTGTAACT	3.248
TCTGTAACT	1.716
AGTGTAACT	3.087
CGTGTAACT	2.971
GGTGTAACT	2.383
TGTGTAACT	1.030
ATTGTAACT	2.868
CTTGTAACT	2.086
GTTGTAACT	2.304
TTTGTAACT	0.481
AAGTTAACT	0.505
CAGTTAACT	0.122
GAGTTAACT	0.268
AAGGTCACT	3.392
CAGGTCACT	3.412
GAGGTCACT	2.096
ACGGTCACT	0.444
AAAGTGACT	1.169
CAAGTGACT	1.622
GAAGTGACT	0.424
AACGTGACT	3.683
CACGTGACT	3.200
GACGTGACT	3.043
TACGTGACT	0.664
ACCGTGACT	1.255
CCCGTGACT	0.017
GCCGTGACT	0.097
ATCGTGACT	0.060
AAGGTGACT	6.643
CAGGTGACT	6.600
GAGGTGACT	5.885
TAGGTGACT	3.751
ACGGTGACT	5.333
CCGGTGACT	4.535
GCGGTGACT	4.056
TCGGTGACT	3.743
AGGGTGACT	2.763
CGGGTGACT	3.158
GGGGTGACT	1.126
TGGGTGACT	0.993
ATGGTGACT	3.330
CTGGTGACT	3.060
GTGGTGACT	1.833
TTGGTGACT	1.230
AATGTGACT	3.246
CATGTGACT	3.032
GATGTGACT	2.899
ACTGTGACT	1.096
CCTGTGACT	0.127
GCTGTGACT	0.231
AAGGTTACT	1.253
CAGGTTACT	0.492
AAGGAACCT	0.310
AAGGCACCT	0.740
CAGGCACCT	0.405
AAGGGACCT	0.847
CAGGGACCT	0.512
AAGATACCT	0.312
AAGCTACCT	0.221
AAAGTACCT	2.339
CAAGTACCT	2.501
GAAGTACCT	1.489
AACGTACCT	5.234
CACGTACCT	4.459
GACGTACCT	4.488
TACGTACCT	1.284
ACCGTACCT	2.416
CCCGTACCT	0.887
GCCGTACCT	1.152
AGCGTACCT	0.867
CGCGTACCT	0.531
ATCGTACCT	1.104
CTCGTACCT	0.102
AAGGTACCT	8.494
CAGGTACCT	8.160
GAGGTACCT	7.630
TAGGTACCT	4.671
ACGGTACCT	6.794
CCGGTACCT	5.705
GCGGTACCT	5.411
TCGGTACCT	4.273
AGGGTACCT	4.243
CGGGTACCT	4.347
GGGGTACCT	2.501
TGGGTACCT	1.542
ATGGTACCT	4.674
CTGGTACCT	4.112
GTGGTACCT	3.071
TTGGTACCT	1.643
AATGTACCT	3.611
CATGTACCT	3.105
GATGTACCT	3.158
ACTGTACCT	1.071
GCTGTACCT	0.099
AAGGTCCCT	0.610
CAGGTCCCT	0.678
AACGTGCCT	1.459
CACGTGCCT	1.025
GACGTGCCT	0.192
AAGGTGCCT	5.392
CAGGTGCCT	5.397
GAGGTGCCT	4.006
TAGGTGCCT	1.259
ACGGTGCCT	3.863
CCGGTGCCT	3.114
GCGGTGCCT	1.959
TCGGTGCCT	1.033
AGGGTGCCT	0.468
CGGGTGCCT	0.912
ATGGTGCCT	1.209
CTGGTGCCT	0.987
AATGTGCCT	0.208
CATGTGCCT	0.042
AAGGTTCCT	0.892
CAGGTTCCT	0.179
CAAGTAGCT	0.177
AACGTAGCT	1.761
CACGTAGCT	1.073
GACGTAGCT	0.929
AAGGTAGCT	6.773
CAGGTAGCT	6.525
GAGGTAGCT	5.821
TAGGTAGCT	3.160
ACGGTAGCT	4.352
CCGGTAGCT	3.349
GCGGTAGCT	2.882
TCGGTAGCT	2.042
AGGGTAGCT	1.927
CGGGTAGCT	2.118
GGGGTAGCT	0.098
ATGGTAGCT	2.124
CTGGTAGCT	1.648
GTGGTAGCT	0.434
AATGTAGCT	0.888
CATGTAGCT	0.468
GATGTAGCT	0.348
AAGGTCGCT	0.320
CAGGTCGCT	0.474
AAGGTGGCT	2.875
CAGGTGGCT	2.967
GAGGTGGCT	1.403
ACGGTGGCT	0.626
AAAGTATCT	1.305
CAAGTATCT	1.572
GAAGTATCT	1.027
AACGTATCT	3.437
CACGTATCT	2.768
GACGTATCT	3.264
TACGTATCT	0.034
ACCGTATCT	0.183
AAGGTATCT	7.559
CAGGTATCT	7.331
GAGGTATCT	7.268
TAGGTATCT	4.283
ACGGTATCT	5.424
CCGGTATCT	4.440
GCGGTATCT	4.613
TCGGTATCT	3.450
AGGGTATCT	3.449
CGGGTATCT	3.659
GGGGTATCT	2.279
TGGGTATCT	1.295
ATGGTATCT	3.158
CTGGTATCT	2.701
GTGGTATCT	2.128
TTGGTATCT	0.674
AATGTATCT	2.923
CATGTATCT	2.522
GATGTATCT	3.042
AAGGTCTCT	0.900
CAGGTCTCT	1.074
AAGGTGTCT	2.567
CAGGTGTCT	2.678
GAGGTGTCT	1.754
ACGGTGTCT	0.603
AAGGTTTCT	0.279
AAAGAAAGT	1.538
CAAGAAAGT	1.894
GAAGAAAGT	1.632
ACAGAAAGT	1.307
CCAGAAAGT	0.908
GCAGAAAGT	0.883
TCAGAAAGT	0.953
AGAGAAAGT	1.170
CGAGAAAGT	1.964
GGAGAAAGT	0.385
TGAGAAAGT	0.636
ATAGAAAGT	0.468
CTAGAAAGT	0.596
AACGAAAGT	2.552
CACGAAAGT	1.972
GACGAAAGT	2.751
TACGAAAGT	1.091
ACCGAAAGT	2.242
CCCGAAAGT	0.907
GCCGAAAGT	1.923
TCCGAAAGT	2.084
AGCGAAAGT	1.888
CGCGAAAGT	1.747
GGCGAAAGT	1.209
TGCGAAAGT	1.550
ATCGAAAGT	2.257
CTCGAAAGT	1.449
GTCGAAAGT	1.717
TTCGAAAGT	1.588
AAGGAAAGT	2.815
CAGGAAAGT	2.675
GAGGAAAGT	2.895
TAGGAAAGT	1.481
ACGGAAAGT	3.623
CCGGAAAGT	2.728
GCGGAAAGT	3.185
TCGGAAAGT	3.592
AGGGAAAGT	2.267
CGGGAAAGT	2.565
GGGGAAAGT	1.469
TGGGAAAGT	2.055
ATGGAAAGT	2.830
CTGGAAAGT	2.462
GTGGAAAGT	2.172
TTGGAAAGT	2.288
AATGAAAGT	0.440
CATGAAAGT	0.128
GATGAAAGT	0.931
ACTGAAAGT	0.408
GCTGAAAGT	0.381
AGTGAAAGT	0.272
CGTGAAAGT	0.399
ATTGAAAGT	0.359
GTTGAAAGT	0.112
AAAGCAAGT	1.967
CAAGCAAGT	2.323
GAAGCAAGT	2.061
TAAGCAAGT	0.311
ACAGCAAGT	1.737
CCAGCAAGT	1.338
GCAGCAAGT	1.312
TCAGCAAGT	1.383
AGAGCAAGT	1.599
CGAGCAAGT	2.393
GGAGCAAGT	0.815
TGAGCAAGT	1.065
ATAGCAAGT	0.897
CTAGCAAGT	1.026
GTAGCAAGT	0.253
TTAGCAAGT	0.033
AACGCAAGT	2.981
CACGCAAGT	2.401
GACGCAAGT	3.180
TACGCAAGT	1.521
ACCGCAAGT	2.671
CCCGCAAGT	1.336
GCCGCAAGT	2.352
TCCGCAAGT	2.513
AGCGCAAGT	2.318
CGCGCAAGT	2.176
GGCGCAAGT	1.638
TGCGCAAGT	1.979
ATCGCAAGT	2.686
CTCGCAAGT	1.878
GTCGCAAGT	2.146
TTCGCAAGT	2.017
AAGGCAAGT	3.244
CAGGCAAGT	3.104
GAGGCAAGT	3.324
TAGGCAAGT	1.910
ACGGCAAGT	4.052
CCGGCAAGT	3.158
GCGGCAAGT	3.614
TCGGCAAGT	4.021
AGGGCAAGT	2.696
CGGGCAAGT	2.995
GGGGCAAGT	1.898
TGGGCAAGT	2.484
ATGGCAAGT	3.259
CTGGCAAGT	2.892
GTGGCAAGT	2.601
TTGGCAAGT	2.717
AATGCAAGT	0.869
CATGCAAGT	0.557
GATGCAAGT	1.361
ACTGCAAGT	0.837
GCTGCAAGT	0.810
TCTGCAAGT	0.210
AGTGCAAGT	0.702
CGTGCAAGT	0.828
GGTGCAAGT	0.315
ATTGCAAGT	0.788
CTTGCAAGT	0.249
GTTGCAAGT	0.541
AAAGGAAGT	2.074
CAAGGAAGT	2.430
GAAGGAAGT	2.168
TAAGGAAGT	0.418
ACAGGAAGT	1.844
CCAGGAAGT	1.445
GCAGGAAGT	1.419
TCAGGAAGT	1.490
AGAGGAAGT	1.706
CGAGGAAGT	2.500
GGAGGAAGT	0.922
TGAGGAAGT	1.172
ATAGGAAGT	1.004
CTAGGAAGT	1.133
GTAGGAAGT	0.360
TTAGGAAGT	0.140
AACGGAAGT	3.088
CACGGAAGT	2.508
GACGGAAGT	3.287
TACGGAAGT	1.628
ACCGGAAGT	2.778
CCCGGAAGT	1.443
GCCGGAAGT	2.459
TCCGGAAGT	2.620
AGCGGAAGT	2.425
CGCGGAAGT	2.283
GGCGGAAGT	1.745
TGCGGAAGT	2.086
ATCGGAAGT	2.793
CTCGGAAGT	1.985
GTCGGAAGT	2.253
TTCGGAAGT	2.124
AAGGGAAGT	3.351
CAGGGAAGT	3.211
GAGGGAAGT	3.431
TAGGGAAGT	2.017
ACGGGAAGT	4.159
CCGGGAAGT	3.264
GCGGGAAGT	3.721
TCGGGAAGT	4.128
AGGGGAAGT	2.803
CGGGGAAGT	3.102
GGGGGAAGT	2.005
TGGGGAAGT	2.591
ATGGGAAGT	3.366
CTGGGAAGT	2.999
GTGGGAAGT	2.708
TTGGGAAGT	2.824
AATGGAAGT	0.976
CATGGAAGT	0.664
GATGGAAGT	1.467
ACTGGAAGT	0.944
GCTGGAAGT	0.917
TCTGGAAGT	0.317
AGTGGAAGT	0.809
CGTGGAAGT	0.935
GGTGGAAGT	0.422
TGTGGAAGT	0.001
ATTGGAAGT	0.895
CTTGGAAGT	0.356
GTTGGAAGT	0.648
AAAATAAGT	1.540
CAAATAAGT	1.895
GAAATAAGT	1.633
ACAATAAGT	1.309
CCAATAAGT	0.910
GCAATAAGT	0.884
TCAATAAGT	0.955
AGAATAAGT	1.172
CGAATAAGT	1.966
GGAATAAGT	0.387
TGAATAAGT	0.637
ATAATAAGT	0.470
CTAATAAGT	0.598
AACATAAGT	2.553
CACATAAGT	1.973
GACATAAGT	2.752
TACATAAGT	1.093
ACCATAAGT	2.243
CCCATAAGT	0.908
GCCATAAGT	1.924
TCCATAAGT	2.085
AGCATAAGT	1.890
CGCATAAGT	1.748
GGCATAAGT	1.211
TGCATAAGT	1.551
ATCATAAGT	2.258
CTCATAAGT	1.450
GTCATAAGT	1.719
TTCATAAGT	1.589
AAGATAAGT	2.816
CAGATAAGT	2.676
GAGATAAGT	2.896
TAGATAAGT	1.482
ACGATAAGT	3.625
CCGATAAGT	2.730
GCGATAAGT	3.186
TCGATAAGT	3.593
AGGATAAGT	2.269
CGGATAAGT	2.567
GGGATAAGT	1.470
TGGATAAGT	2.056
ATGATAAGT	2.831
CTGATAAGT	2.464
GTGATAAGT	2.173
TTGATAAGT	2.289
AATATAAGT	0.441
CATATAAGT	0.130
GATATAAGT	0.933
ACTATAAGT	0.409
GCTATAAGT	0.382
AGTATAAGT	0.274
CGTATAAGT	0.400
ATTATAAGT	0.360
GTTATAAGT	0.113
AAACTAAGT	1.449
CAACTAAGT	1.805
GAACTAAGT	1.543
ACACTAAGT	1.218
CCACTAAGT	0.819
GCACTAAGT	0.793
TCACTAAGT	0.864
AGACTAAGT	1.081
CGACTAAGT	1.875
GGACTAAGT	0.296
TGACTAAGT	0.546
ATACTAAGT	0.379
CTACTAAGT	0.507
AACCTAAGT	2.463
CACCTAAGT	1.882
GACCTAAGT	2.662
TACCTAAGT	1.002
ACCCTAAGT	2.153
CCCCTAAGT	0.818
GCCCTAAGT	1.833
TCCCTAAGT	1.995
AGCCTAAGT	1.799
CGCCTAAGT	1.657
GGCCTAAGT	1.120
TGCCTAAGT	1.461
ATCCTAAGT	2.167
CTCCTAAGT	1.360
GTCCTAAGT	1.628
TTCCTAAGT	1.499
AAGCTAAGT	2.726
CAGCTAAGT	2.586
GAGCTAAGT	2.806
TAGCTAAGT	1.392
ACGCTAAGT	3.534
CCGCTAAGT	2.639
GCGCTAAGT	3.096
TCGCTAAGT	3.502
AGGCTAAGT	2.178
CGGCTAAGT	2.476
GGGCTAAGT	1.380
TGGCTAAGT	1.966
ATGCTAAGT	2.741
CTGCTAAGT	2.373
GTGCTAAGT	2.083
TTGCTAAGT	2.199
AATCTAAGT	0.351
CATCTAAGT	0.039
GATCTAAGT	0.842
ACTCTAAGT	0.319
GCTCTAAGT	0.292
AGTCTAAGT	0.183
CGTCTAAGT	0.310
ATTCTAAGT	0.269
GTTCTAAGT	0.023
AAAGTAAGT	9.722
CAAGTAAGT	10.077
GAAGTAAGT	9.815
TAAGTAAGT	8.065
ACAGTAAGT	9.491
CCAGTAAGT	9.092
GCAGTAAGT	9.066
TCAGTAAGT	9.137
AGAGTAAGT	9.354
CGAGTAAGT	10.148
GGAGTAAGT	8.569
TGAGTAAGT	8.819
ATAGTAAGT	8.652
CTAGTAAGT	8.780
GTAGTAAGT	8.007
TTAGTAAGT	7.787
AACGTAAGT	10.735
CACGTAAGT	10.155
GACGTAAGT	10.934
TACGTAAGT	9.275
ACCGTAAGT	10.425
CCCGTAAGT	9.091
GCCGTAAGT	10.106
TCCGTAAGT	10.267
AGCGTAAGT	10.072
CGCGTAAGT	9.930
GGCGTAAGT	9.393
TGCGTAAGT	9.733
ATCGTAAGT	10.440
CTCGTAAGT	9.632
GTCGTAAGT	9.901
TTCGTAAGT	9.771
AAGGTAAGT	10.998
CAGGTAAGT	10.858
GAGGTAAGT	11.078
TAGGTAAGT	9.664
ACGGTAAGT	11.807
CCGGTAAGT	10.912
GCGGTAAGT	11.368
TCGGTAAGT	11.775
AGGGTAAGT	10.451
CGGGTAAGT	10.749
GGGGTAAGT	9.652
TGGGTAAGT	10.239
ATGGTAAGT	11.013
CTGGTAAGT	10.646
GTGGTAAGT	10.355
TTGGTAAGT	10.471
AATGTAAGT	8.623
CATGTAAGT	8.312
GATGTAAGT	9.115
TATGTAAGT	6.693
ACTGTAAGT	8.591
CCTGTAAGT	7.525
GCTGTAAGT	8.564
TCTGTAAGT	7.964
AGTGTAAGT	8.456
CGTGTAAGT	8.582
GGTGTAAGT	8.069
TGTGTAAGT	7.648
ATTGTAAGT	8.542
CTTGTAAGT	8.003
GTTGTAAGT	8.295
TTTGTAAGT	7.404
AAATTAAGT	1.218
CAATTAAGT	1.573
GAATTAAGT	1.311
ACATTAAGT	0.987
CCATTAAGT	0.588
GCATTAAGT	0.562
TCATTAAGT	0.633
AGATTAAGT	0.850
CGATTAAGT	1.644
GGATTAAGT	0.065
TGATTAAGT	0.315
ATATTAAGT	0.148
CTATTAAGT	0.276
AACTTAAGT	2.231
CACTTAAGT	1.651
GACTTAAGT	2.430
TACTTAAGT	0.771
ACCTTAAGT	1.921
CCCTTAAGT	0.587
GCCTTAAGT	1.602
TCCTTAAGT	1.763
AGCTTAAGT	1.568
CGCTTAAGT	1.426
GGCTTAAGT	0.889
TGCTTAAGT	1.229
ATCTTAAGT	1.936
CTCTTAAGT	1.128
GTCTTAAGT	1.397
TTCTTAAGT	1.267
AAGTTAAGT	2.494
CAGTTAAGT	2.354
GAGTTAAGT	2.575
TAGTTAAGT	1.161
ACGTTAAGT	3.303
CCGTTAAGT	2.408
GCGTTAAGT	2.864
TCGTTAAGT	3.271
AGGTTAAGT	1.947
CGGTTAAGT	2.245
GGGTTAAGT	1.148
TGGTTAAGT	1.735
ATGTTAAGT	2.509
CTGTTAAGT	2.142
GTGTTAAGT	1.851
TTGTTAAGT	1.967
AATTTAAGT	0.119
GATTTAAGT	0.611
ACTTTAAGT	0.087
GCTTTAAGT	0.060
CGTTTAAGT	0.078
ATTTTAAGT	0.038
AAGGACAGT	0.495
CAGGACAGT	0.758
AAGGCCAGT	0.924
CAGGCCAGT	1.187
ACGGCCAGT	0.266
AAGGGCAGT	1.031
CAGGGCAGT	1.294
GAGGGCAGT	0.053
ACGGGCAGT	0.373
AAGATCAGT	0.497
CAGATCAGT	0.759
AAGCTCAGT	0.406
CAGCTCAGT	0.669
AAAGTCAGT	1.983
CAAGTCAGT	2.742
GAAGTCAGT	1.018
ACAGTCAGT	0.286
CCAGTCAGT	0.290
CGAGTCAGT	0.533
AACGTCAGT	5.550
CACGTCAGT	5.373
GACGTCAGT	4.690
TACGTCAGT	3.133
ACCGTCAGT	3.774
CCCGTCAGT	2.842
GCCGTCAGT	2.396
TCCGTCAGT	2.660
AGCGTCAGT	2.608
CGCGTCAGT	2.869
GGCGTCAGT	0.870
TGCGTCAGT	1.313
ATCGTCAGT	3.129
CTCGTCAGT	2.724
GTCGTCAGT	1.531
TTCGTCAGT	1.504
AAGGTCAGT	8.679
CAGGTCAGT	8.941
GAGGTCAGT	7.700
TAGGTCAGT	6.388
ACGGTCAGT	8.020
CCGGTCAGT	7.528
GCGGTCAGT	6.523
TCGGTCAGT	7.033
AGGGTCAGT	5.852
CGGGTCAGT	6.553
GGGGTCAGT	3.995
TGGGTCAGT	4.683
ATGGTCAGT	6.568
CTGGTCAGT	6.603
GTGGTCAGT	4.850
TTGGTCAGT	5.069
AATGTCAGT	1.927
CATGTCAGT	2.018
GATGTCAGT	1.360
ACTGTCAGT	0.429
CGTGTCAGT	0.010
AAGTTCAGT	0.175
CAGTTCAGT	0.437
AAAGAGAGT	0.216
CAAGAGAGT	0.912
ACAGAGAGT	0.157
CCAGAGAGT	0.098
CGAGAGAGT	0.309
AACGAGAGT	1.354
CACGAGAGT	1.114
GACGAGAGT	1.032
ACCGAGAGT	1.216
CCCGAGAGT	0.221
GCCGAGAGT	0.375
TCCGAGAGT	0.748
AGCGAGAGT	0.018
CGCGAGAGT	0.216
ATCGAGAGT	0.696
CTCGAGAGT	0.228
AAGGAGAGT	2.290
CAGGAGAGT	2.490
GAGGAGAGT	1.849
TAGGAGAGT	0.647
ACGGAGAGT	3.270
CCGGAGAGT	2.715
GCGGAGAGT	2.310
TCGGAGAGT	2.929
AGGGAGAGT	1.069
CGGGAGAGT	1.707
TGGGAGAGT	0.548
ATGGAGAGT	1.942
CTGGAGAGT	1.914
GTGGAGAGT	0.763
TTGGAGAGT	1.091
AAAGCGAGT	0.645
CAAGCGAGT	1.341
GAAGCGAGT	0.218
ACAGCGAGT	0.586
CCAGCGAGT	0.527
CGAGCGAGT	0.738
AACGCGAGT	1.784
CACGCGAGT	1.543
GACGCGAGT	1.461
TACGCGAGT	0.014
ACCGCGAGT	1.645
CCCGCGAGT	0.650
GCCGCGAGT	0.805
TCCGCGAGT	1.178
AGCGCGAGT	0.447
CGCGCGAGT	0.645
ATCGCGAGT	1.125
CTCGCGAGT	0.657
GTCGCGAGT	0.065
TTCGCGAGT	0.147
AAGGCGAGT	2.720
CAGGCGAGT	2.919
GAGGCGAGT	2.278
TAGGCGAGT	1.076
ACGGCGAGT	3.699
CCGGCGAGT	3.144
GCGGCGAGT	2.740
TCGGCGAGT	3.358
AGGGCGAGT	1.499
CGGGCGAGT	2.137
GGGGCGAGT	0.179
TGGGCGAGT	0.977
ATGGCGAGT	2.371
CTGGCGAGT	2.344
GTGGCGAGT	1.192
TTGGCGAGT	1.520
AATGCGAGT	0.043
CATGCGAGT	0.072
GATGCGAGT	0.014
ACTGCGAGT	0.183
AAAGGGAGT	0.752
CAAGGGAGT	1.448
GAAGGGAGT	0.325
ACAGGGAGT	0.693
CCAGGGAGT	0.634
TCAGGGAGT	0.030
CGAGGGAGT	0.845
AACGGGAGT	1.891
CACGGGAGT	1.650
GACGGGAGT	1.568
TACGGGAGT	0.121
ACCGGGAGT	1.752
CCCGGGAGT	0.757
GCCGGGAGT	0.911
TCCGGGAGT	1.285
AGCGGGAGT	0.554
CGCGGGAGT	0.752
ATCGGGAGT	1.232
CTCGGGAGT	0.764
GTCGGGAGT	0.171
TTCGGGAGT	0.254
AAGGGGAGT	2.827
CAGGGGAGT	3.026
GAGGGGAGT	2.385
TAGGGGAGT	1.183
ACGGGGAGT	3.806
CCGGGGAGT	3.251
GCGGGGAGT	2.846
TCGGGGAGT	3.465
AGGGGGAGT	1.605
CGGGGGAGT	2.244
GGGGGGAGT	0.286
TGGGGGAGT	1.084
ATGGGGAGT	2.478
CTGGGGAGT	2.451
GTGGGGAGT	1.299
TTGGGGAGT	1.627
AATGGGAGT	0.150
CATGGGAGT	0.179
GATGGGAGT	0.121
ACTGGGAGT	0.290
AAAATGAGT	0.218
CAAATGAGT	0.913
ACAATGAGT	0.158
CCAATGAGT	0.099
CGAATGAGT	0.310
AACATGAGT	1.356
CACATGAGT	1.116
GACATGAGT	1.034
ACCATGAGT	1.217
CCCATGAGT	0.222
GCCATGAGT	0.377
TCCATGAGT	0.750
AGCATGAGT	0.019
CGCATGAGT	0.217
ATCATGAGT	0.697
CTCATGAGT	0.229
AAGATGAGT	2.292
CAGATGAGT	2.492
GAGATGAGT	1.851
TAGATGAGT	0.648
ACGATGAGT	3.271
CCGATGAGT	2.716
GCGATGAGT	2.312
TCGATGAGT	2.930
AGGATGAGT	1.071
CGGATGAGT	1.709
TGGATGAGT	0.549
ATGATGAGT	1.944
CTGATGAGT	1.916
GTGATGAGT	0.764
TTGATGAGT	1.092
AAACTGAGT	0.127
CAACTGAGT	0.823
ACACTGAGT	0.068
CCACTGAGT	0.008
CGACTGAGT	0.220
AACCTGAGT	1.265
CACCTGAGT	1.025
GACCTGAGT	0.943
ACCCTGAGT	1.127
CCCCTGAGT	0.132
GCCCTGAGT	0.286
TCCCTGAGT	0.659
CGCCTGAGT	0.127
ATCCTGAGT	0.607
CTCCTGAGT	0.139
AAGCTGAGT	2.201
CAGCTGAGT	2.401
GAGCTGAGT	1.760
TAGCTGAGT	0.558
ACGCTGAGT	3.181
CCGCTGAGT	2.626
GCGCTGAGT	2.221
TCGCTGAGT	2.840
AGGCTGAGT	0.980
CGGCTGAGT	1.618
TGGCTGAGT	0.459
ATGCTGAGT	1.853
CTGCTGAGT	1.825
GTGCTGAGT	0.674
TTGCTGAGT	1.002
AAAGTGAGT	8.400
CAAGTGAGT	9.095
GAAGTGAGT	7.972
TAAGTGAGT	6.434
ACAGTGAGT	8.340
CCAGTGAGT	8.281
GCAGTGAGT	7.394
TCAGTGAGT	7.677
AGAGTGAGT	7.358
CGAGTGAGT	8.492
GGAGTGAGT	6.052
TGAGTGAGT	6.514
ATAGTGAGT	6.966
CTAGTGAGT	7.434
GTAGTGAGT	5.800
TTAGTGAGT	5.792
AACGTGAGT	9.538
CACGTGAGT	9.298
GACGTGAGT	9.216
TACGTGAGT	7.768
ACCGTGAGT	9.399
CCCGTGAGT	8.404
GCCGTGAGT	8.559
TCCGTGAGT	8.932
AGCGTGAGT	8.201
CGCGTGAGT	8.399
GGCGTGAGT	7.001
TGCGTGAGT	7.553
ATCGTGAGT	8.879
CTCGTGAGT	8.411
GTCGTGAGT	7.819
TTCGTGAGT	7.901
AAGGTGAGT	10.474
CAGGTGAGT	10.674
GAGGTGAGT	10.033
TAGGTGAGT	8.830
ACGGTGAGT	11.453
CCGGTGAGT	10.898
GCGGTGAGT	10.494
TCGGTGAGT	11.112
AGGGTGAGT	9.253
CGGGTGAGT	9.891
GGGGTGAGT	7.933
TGGGTGAGT	8.731
ATGGTGAGT	10.126
CTGGTGAGT	10.098
GTGGTGAGT	8.946
TTGGTGAGT	9.274
AATGTGAGT	7.798
CATGTGAGT	7.826
GATGTGAGT	7.768
TATGTGAGT	5.558
ACTGTGAGT	7.937
CCTGTGAGT	7.211
GCTGTGAGT	7.389
TCTGTGAGT	7.000
AGTGTGAGT	6.957
CGTGTGAGT	7.423
GGTGTGAGT	6.049
TGTGTGAGT	5.840
ATTGTGAGT	7.353
CTTGTGAGT	7.154
GTTGTGAGT	6.585
TTTGTGAGT	5.906
CAATTGAGT	0.591
AACTTGAGT	1.034
CACTTGAGT	0.794
GACTTGAGT	0.712
ACCTTGAGT	0.895
GCCTTGAGT	0.055
TCCTTGAGT	0.428
ATCTTGAGT	0.375
AAGTTGAGT	1.970
CAGTTGAGT	2.170
GAGTTGAGT	1.529
TAGTTGAGT	0.326
ACGTTGAGT	2.949
CCGTTGAGT	2.394
GCGTTGAGT	1.990
TCGTTGAGT	2.608
AGGTTGAGT	0.749
CGGTTGAGT	1.387
TGGTTGAGT	0.227
ATGTTGAGT	1.622
CTGTTGAGT	1.594
GTGTTGAGT	0.442
TTGTTGAGT	0.770
AAGGATAGT	0.358
AAGGCTAGT	0.788
CAGGCTAGT	0.269
AAGGGTAGT	0.894
CAGGGTAGT	0.376
AAGATTAGT	0.360
AAGCTTAGT	0.269
AAAGTTAGT	4.242
CAAGTTAGT	4.219
GAAGTTAGT	2.867
TAAGTTAGT	0.878
ACAGTTAGT	2.031
CCAGTTAGT	1.254
GCAGTTAGT	0.137
AGAGTTAGT	0.897
CGAGTTAGT	1.313
ATAGTTAGT	1.681
CTAGTTAGT	1.431
AACGTTAGT	1.401
CACGTTAGT	0.443
GACGTTAGT	0.131
AAGGTTAGT	8.542
CAGGTTAGT	8.023
GAGGTTAGT	7.153
TAGGTTAGT	5.500
ACGGTTAGT	7.370
CCGGTTAGT	6.096
GCGGTTAGT	5.462
TCGGTTAGT	5.631
AGGGTTAGT	5.017
CGGGTTAGT	4.937
GGGGTTAGT	2.750
TGGGTTAGT	3.098
ATGGTTAGT	7.066
CTGGTTAGT	6.319
GTGGTTAGT	4.939
TTGGTTAGT	4.817
AAGTTTAGT	0.038
CAAGAACGT	0.213
AACGAACGT	1.327
CACGAACGT	0.796
GACGAACGT	0.899
ACCGAACGT	0.799
ATCGAACGT	0.162
AAGGAACGT	2.563
CAGGAACGT	2.471
GAGGAACGT	2.016
ACGGAACGT	3.152
CCGGAACGT	2.306
GCGGAACGT	2.087
TCGGAACGT	1.881
AGGGAACGT	0.971
CGGGAACGT	1.318
ATGGAACGT	1.707
CTGGAACGT	1.388
GTGGAACGT	0.422
AAAGCACGT	0.237
CAAGCACGT	0.642
AACGCACGT	1.756
CACGCACGT	1.225
GACGCACGT	1.328
ACCGCACGT	1.228
GCCGCACGT	0.282
AGCGCACGT	0.049
ATCGCACGT	0.591
AAGGCACGT	2.992
CAGGCACGT	2.901
GAGGCACGT	2.445
TAGGCACGT	0.418
ACGGCACGT	3.582
CCGGCACGT	2.735
GCGGCACGT	2.516
TCGGCACGT	2.310
AGGGCACGT	1.400
CGGGCACGT	1.747
ATGGCACGT	2.137
CTGGCACGT	1.818
GTGGCACGT	0.852
TTGGCACGT	0.355
AAAGGACGT	0.344
CAAGGACGT	0.749
AACGGACGT	1.863
CACGGACGT	1.332
GACGGACGT	1.435
ACCGGACGT	1.335
CCCGGACGT	0.049
GCCGGACGT	0.389
AGCGGACGT	0.156
CGCGGACGT	0.062
ATCGGACGT	0.698
AAGGGACGT	3.099
CAGGGACGT	3.007
GAGGGACGT	2.552
TAGGGACGT	0.525
ACGGGACGT	3.689
CCGGGACGT	2.842
GCGGGACGT	2.623
TCGGGACGT	2.417
AGGGGACGT	1.507
CGGGGACGT	1.854
GGGGGACGT	0.082
TGGGGACGT	0.055
ATGGGACGT	2.244
CTGGGACGT	1.925
GTGGGACGT	0.958
TTGGGACGT	0.462
CAAATACGT	0.214
AACATACGT	1.328
CACATACGT	0.797
GACATACGT	0.901
ACCATACGT	0.800
ATCATACGT	0.163
AAGATACGT	2.564
CAGATACGT	2.473
GAGATACGT	2.017
ACGATACGT	3.154
CCGATACGT	2.308
GCGATACGT	2.088
TCGATACGT	1.882
AGGATACGT	0.972
CGGATACGT	1.319
ATGATACGT	1.709
CTGATACGT	1.390
GTGATACGT	0.424
CAACTACGT	0.123
AACCTACGT	1.238
CACCTACGT	0.706
GACCTACGT	0.810
ACCCTACGT	0.710
ATCCTACGT	0.072
AAGCTACGT	2.473
CAGCTACGT	2.382
GAGCTACGT	1.927
ACGCTACGT	3.063
CCGCTACGT	2.217
GCGCTACGT	1.998
TCGCTACGT	1.792
AGGCTACGT	0.882
CGGCTACGT	1.228
ATGCTACGT	1.618
CTGCTACGT	1.299
GTGCTACGT	0.333
AAAGTACGT	7.992
CAAGTACGT	8.396
GAAGTACGT	7.458
TAAGTACGT	5.095
ACAGTACGT	7.542
CCAGTACGT	7.192
GCAGTACGT	6.490
TCAGTACGT	5.948
AGAGTACGT	6.579
CGAGTACGT	7.422
GGAGTACGT	5.168
TGAGTACGT	4.805
ATAGTACGT	6.051
CTAGTACGT	6.228
GTAGTACGT	4.779
TTAGTACGT	3.947
AACGTACGT	9.511
CACGTACGT	8.979
GACGTACGT	9.083
TACGTACGT	6.810
ACCGTACGT	8.982
CCCGTACGT	7.696
GCCGTACGT	8.036
TCCGTACGT	7.584
AGCGTACGT	7.803
CGCGTACGT	7.710
GGCGTACGT	6.497
TGCGTACGT	6.224
ATCGTACGT	8.345
CTCGTACGT	7.586
GTCGTACGT	7.179
TTCGTACGT	6.436
AAGGTACGT	10.746
CAGGTACGT	10.655
GAGGTACGT	10.199
TAGGTACGT	8.172
ACGGTACGT	11.336
CCGGTACGT	10.490
GCGGTACGT	10.271
TCGGTACGT	10.064
AGGGTACGT	9.154
CGGGTACGT	9.501
GGGGTACGT	7.729
TGGGTACGT	7.702
ATGGTACGT	9.891
CTGGTACGT	9.572
GTGGTACGT	8.606
TTGGTACGT	8.109
AATGTACGT	6.584
CATGTACGT	6.321
GATGTACGT	6.448
TATGTACGT	3.414
ACTGTACGT	6.333
CCTGTACGT	5.315
GCTGTACGT	5.679
TCTGTACGT	4.466
AGTGTACGT	5.372
CGTGTACGT	5.547
GGTGTACGT	4.358
TGTGTACGT	3.324
ATTGTACGT	5.632
CTTGTACGT	5.142
GTTGTACGT	4.758
TTTGTACGT	3.254
AACTTACGT	1.007
CACTTACGT	0.475
GACTTACGT	0.579
ACCTTACGT	0.478
AAGTTACGT	2.242
CAGTTACGT	2.151
GAGTTACGT	1.695
ACGTTACGT	2.832
CCGTTACGT	1.986
GCGTTACGT	1.767
TCGTTACGT	1.560
AGGTTACGT	0.650
CGGTTACGT	0.997
ATGTTACGT	1.387
CTGTTACGT	1.068
GTGTTACGT	0.102
AACGTCCGT	2.059
CACGTCCGT	1.930
GACGTCCGT	0.572
ACCGTCCGT	0.064
AAGGTCCGT	6.160
CAGGTCCGT	6.471
GAGGTCCGT	4.554
TAGGTCCGT	2.629
ACGGTCCGT	5.283
CCGGTCCGT	4.839
GCGGTCCGT	3.159
TCGGTCCGT	3.055
AGGGTCCGT	2.289
CGGGTCCGT	3.038
ATGGTCCGT	3.178
CTGGTCCGT	3.262
GTGGTCCGT	0.834
TTGGTCCGT	0.440
AAGGAGCGT	1.302
CAGGAGCGT	1.551
GAGGAGCGT	0.234
ACGGAGCGT	2.063
CCGGAGCGT	1.557
GCGGAGCGT	0.477
TCGGAGCGT	0.482
ATGGAGCGT	0.084
CTGGAGCGT	0.105
AAGGCGCGT	1.732
CAGGCGCGT	1.980
GAGGCGCGT	0.663
ACGGCGCGT	2.493
CCGGCGCGT	1.986
GCGGCGCGT	0.906
TCGGCGCGT	0.912
CGGGCGCGT	0.153
ATGGCGCGT	0.513
CTGGCGCGT	0.534
AAGGGGCGT	1.838
CAGGGGCGT	2.087
GAGGGGCGT	0.770
ACGGGGCGT	2.600
CCGGGGCGT	2.093
GCGGGGCGT	1.013
TCGGGGCGT	1.019
CGGGGGCGT	0.260
ATGGGGCGT	0.620
CTGGGGCGT	0.641
AAGATGCGT	1.304
CAGATGCGT	1.552
GAGATGCGT	0.236
ACGATGCGT	2.065
CCGATGCGT	1.558
GCGATGCGT	0.478
TCGATGCGT	0.484
ATGATGCGT	0.085
CTGATGCGT	0.106
AAGCTGCGT	1.213
CAGCTGCGT	1.462
GAGCTGCGT	0.145
ACGCTGCGT	1.974
CCGCTGCGT	1.468
GCGCTGCGT	0.388
TCGCTGCGT	0.393
CTGCTGCGT	0.016
AAAGTGCGT	5.934
CAAGTGCGT	6.678
GAAGTGCGT	4.879
TAAGTGCGT	2.728
ACAGTGCGT	5.656
CCAGTGCGT	5.645
GCAGTGCGT	4.083
TCAGTGCGT	3.752
AGAGTGCGT	3.848
CGAGTGCGT	5.031
GGAGTGCGT	1.915
TGAGTGCGT	1.764
ATAGTGCGT	3.630
CTAGTGCGT	4.147
GTAGTGCGT	1.837
TTAGTGCGT	1.216
AACGTGCGT	7.577
CACGTGCGT	7.386
GACGTGCGT	6.628
TACGTGCGT	4.567
ACCGTGCGT	7.220
CCCGTGCGT	6.274
GCCGTGCGT	5.753
TCCGTGCGT	5.513
AGCGTGCGT	5.197
CGCGTGCGT	5.443
GGCGTGCGT	3.369
TGCGTGCGT	3.308
ATCGTGCGT	6.049
CTCGTGCGT	5.629
GTCGTGCGT	4.361
TTCGTGCGT	3.830
AAGGTGCGT	9.486
CAGGTGCGT	9.734
GAGGTGCGT	8.418
TAGGTGCGT	6.602
ACGGTGCGT	10.247
CCGGTGCGT	9.740
GCGGTGCGT	8.660
TCGGTGCGT	8.666
AGGGTGCGT	7.221
CGGGTGCGT	7.907
GGGGTGCGT	5.274
TGGGTGCGT	5.459
ATGGTGCGT	8.267
CTGGTGCGT	8.288
GTGGTGCGT	6.461
TTGGTGCGT	6.176
AATGTGCGT	5.022
CATGTGCGT	5.099
GATGTGCGT	4.366
TATGTGCGT	1.543
ACTGTGCGT	4.943
CCTGTGCGT	4.265
GCTGTGCGT	3.768
TCTGTGCGT	2.766
AGTGTGCGT	3.137
CGTGTGCGT	3.653
GGTGTGCGT	1.602
TGTGTGCGT	0.780
ATTGTGCGT	3.708
CTTGTGCGT	3.557
GTTGTGCGT	2.313
TTTGTGCGT	1.020
AAGTTGCGT	0.982
CAGTTGCGT	1.230
ACGTTGCGT	1.743
CCGTTGCGT	1.236
GCGTTGCGT	0.156
TCGTTGCGT	0.162
AAGGATCGT	0.261
AAGGCTCGT	0.690
CAGGCTCGT	0.220
AAGGGTCGT	0.797
CAGGGTCGT	0.327
AAGATTCGT	0.262
AAGCTTCGT	0.171
AAAGTTCGT	2.667
CAAGTTCGT	2.692
GAAGTTCGT	0.664
ACAGTTCGT	0.237
AACGTTCGT	0.331
AAGGTTCGT	8.444
CAGGTTCGT	7.974
GAGGTTCGT	6.428
TAGGTTCGT	4.163
ACGGTTCGT	7.054
CCGGTTCGT	5.829
GCGGTTCGT	4.519
TCGGTTCGT	4.075
AGGGTTCGT	3.876
CGGGTTCGT	3.844
GGGGTTCGT	0.981
TGGGTTCGT	0.716
ATGGTTCGT	6.098
CTGGTTCGT	5.400
GTGGTTCGT	3.344
TTGGTTCGT	2.608
AAGGAAGGT	2.102
CAGGAAGGT	2.097
GAGGAAGGT	1.468
ACGGAAGGT	1.971
CCGGAAGGT	1.211
GCGGAAGGT	0.818
TCGGAAGGT	0.910
CGGGAAGGT	0.349
ATGGAAGGT	0.418
CTGGAAGGT	0.185
AAGGCAGGT	2.531
CAGGCAGGT	2.526
GAGGCAGGT	1.897
TAGGCAGGT	0.168
ACGGCAGGT	2.400
CCGGCAGGT	1.640
GCGGCAGGT	1.247
TCGGCAGGT	1.339
AGGGCAGGT	0.345
CGGGCAGGT	0.778
ATGGCAGGT	0.847
CTGGCAGGT	0.614
AAGGGAGGT	2.638
CAGGGAGGT	2.633
GAGGGAGGT	2.004
TAGGGAGGT	0.275
ACGGGAGGT	2.507
CCGGGAGGT	1.747
GCGGGAGGT	1.354
TCGGGAGGT	1.446
AGGGGAGGT	0.452
CGGGGAGGT	0.885
ATGGGAGGT	0.954
CTGGGAGGT	0.721
AAGATAGGT	2.103
CAGATAGGT	2.098
GAGATAGGT	1.469
ACGATAGGT	1.972
CCGATAGGT	1.212
GCGATAGGT	0.820
TCGATAGGT	0.911
CGGATAGGT	0.350
ATGATAGGT	0.419
CTGATAGGT	0.186
AAGCTAGGT	2.013
CAGCTAGGT	2.008
GAGCTAGGT	1.379
ACGCTAGGT	1.881
CCGCTAGGT	1.121
GCGCTAGGT	0.729
TCGCTAGGT	0.821
CGGCTAGGT	0.259
ATGCTAGGT	0.329
CTGCTAGGT	0.096
AAAGTAGGT	6.842
CAAGTAGGT	7.333
GAAGTAGGT	6.222
TAAGTAGGT	4.156
ACAGTAGGT	5.672
CCAGTAGGT	5.408
GCAGTAGGT	4.533
TCAGTAGGT	4.288
AGAGTAGGT	4.835
CGAGTAGGT	5.764
GGAGTAGGT	3.337
TGAGTAGGT	3.271
ATAGTAGGT	4.073
CTAGTAGGT	4.336
GTAGTAGGT	2.714
TTAGTAGGT	2.179
AACGTAGGT	7.298
CACGTAGGT	6.853
GACGTAGGT	6.783
TACGTAGGT	4.808
ACCGTAGGT	6.049
CCCGTAGGT	4.849
GCCGTAGGT	5.015
TCCGTAGGT	4.862
AGCGTAGGT	4.996
CGCGTAGGT	4.989
GGCGTAGGT	3.603
TGCGTAGGT	3.628
ATCGTAGGT	5.304
CTCGTAGGT	4.631
GTCGTAGGT	4.050
TTCGTAGGT	3.606
AAGGTAGGT	10.285
CAGGTAGGT	10.280
GAGGTAGGT	9.651
TAGGTAGGT	7.922
ACGGTAGGT	10.154
CCGGTAGGT	9.394
GCGGTAGGT	9.002
TCGGTAGGT	9.093
AGGGTAGGT	8.099
CGGGTAGGT	8.532
GGGGTAGGT	6.587
TGGGTAGGT	6.858
ATGGTAGGT	8.601
CTGGTAGGT	8.368
GTGGTAGGT	7.229
TTGGTAGGT	7.030
AATGTAGGT	5.121
CATGTAGGT	4.944
GATGTAGGT	4.899
TATGTAGGT	2.162
ACTGTAGGT	4.150
CCTGTAGGT	3.218
GCTGTAGGT	3.409
TCTGTAGGT	2.493
AGTGTAGGT	3.315
CGTGTAGGT	3.576
GGTGTAGGT	2.214
TGTGTAGGT	1.478
ATTGTAGGT	3.341
CTTGTAGGT	2.936
GTTGTAGGT	2.380
TTTGTAGGT	1.174
AAGTTAGGT	1.781
CAGTTAGGT	1.776
GAGTTAGGT	1.148
ACGTTAGGT	1.650
CCGTTAGGT	0.890
GCGTTAGGT	0.498
TCGTTAGGT	0.589
CGGTTAGGT	0.028
ATGTTAGGT	0.097
AACGTCGGT	1.278
CACGTCGGT	1.235
AAGGTCGGT	7.130
CAGGTCGGT	7.528
GAGGTCGGT	5.437
TAGGTCGGT	3.811
ACGGTCGGT	5.532
CCGGTCGGT	5.175
GCGGTCGGT	3.321
TCGGTCGGT	3.515
AGGGTCGGT	2.665
CGGGTCGGT	3.500
GGGGTCGGT	0.094
TGGGTCGGT	0.467
ATGGTCGGT	3.320
CTGGTCGGT	3.490
GTGGTCGGT	0.889
TTGGTCGGT	0.792
AAGGAGGGT	0.046
CAGGAGGGT	0.381
ACGGAGGGT	0.086
AAGGCGGGT	0.476
CAGGCGGGT	0.810
ACGGCGGGT	0.515
CCGGCGGGT	0.095
AAGGGGGGT	0.582
CAGGGGGGT	0.917
ACGGGGGGT	0.622
CCGGGGGGT	0.202
AAGATGGGT	0.048
CAGATGGGT	0.382
ACGATGGGT	0.088
CAGCTGGGT	0.292
AAAGTGGGT	3.989
CAAGTGGGT	4.820
GAAGTGGGT	2.847
TAAGTGGGT	0.994
ACAGTGGGT	2.990
CCAGTGGGT	3.066
GCAGTGGGT	1.330
TCAGTGGGT	1.297
AGAGTGGGT	1.309
CGAGTGGGT	2.578
ATAGTGGGT	0.857
CTAGTGGGT	1.460
AACGTGGGT	4.570
CACGTGGGT	4.464
GACGTGGGT	3.533
TACGTGGGT	1.770
ACCGTGGGT	3.492
CCCGTGGGT	2.632
GCCGTGGGT	1.937
TCCGTGGGT	1.995
AGCGTGGGT	1.594
CGCGTGGGT	1.927
ATCGTGGGT	2.212
CTCGTGGGT	1.879
GTCGTGGGT	0.437
TTCGTGGGT	0.205
AAGGTGGGT	8.230
CAGGTGGGT	8.564
GAGGTGGGT	7.075
TAGGTGGGT	5.557
ACGGTGGGT	8.270
CCGGTGGGT	7.850
GCGGTGGGT	6.596
TCGGTGGGT	6.899
AGGGTGGGT	5.370
CGGGTGGGT	6.143
GGGGTGGGT	3.337
TGGGTGGGT	3.819
ATGGTGGGT	6.182
CTGGTGGGT	6.289
GTGGTGGGT	4.289
TTGGTGGGT	4.302
AATGTGGGT	2.764
CATGTGGGT	2.928
GATGTGGGT	2.021
ACTGTGGGT	1.964
CCTGTGGGT	1.373
GCTGTGGGT	0.702
AGTGTGGGT	0.285
CGTGTGGGT	0.886
ATTGTGGGT	0.621
CTTGTGGGT	0.556
CAGTTGGGT	0.060
AAGGATGGT	0.278
AAGGCTGGT	0.707
CAGGCTGGT	0.323
AAGGGTGGT	0.814
CAGGGTGGT	0.430
AAGATTGGT	0.279
AAGCTTGGT	0.188
AAAGTTGGT	1.995
CAAGTTGGT	2.107
AAGGTTGGT	8.461
CAGGTTGGT	8.077
GAGGTTGGT	6.358
TAGGTTGGT	4.390
ACGGTTGGT	6.350
CCGGTTGGT	5.211
GCGGTTGGT	3.728
TCGGTTGGT	3.581
AGGGTTGGT	3.298
CGGGTTGGT	3.352
GGGGTTGGT	0.317
TGGGTTGGT	0.349
ATGGTTGGT	5.286
CTGGTTGGT	4.674
GTGGTTGGT	2.445
TTGGTTGGT	2.007
AAGGAATGT	1.604
CAGGAATGT	1.618
GAGGAATGT	1.630
ACGGAATGT	1.758
CCGGAATGT	1.017
GCGGAATGT	1.265
TCGGAATGT	1.034
AGGGAATGT	0.153
CGGGAATGT	0.606
ATGGAATGT	0.167
GACGCATGT	0.080
AAGGCATGT	2.034
CAGGCATGT	2.048
GAGGCATGT	2.059
TAGGCATGT	0.007
ACGGCATGT	2.187
CCGGCATGT	1.447
GCGGCATGT	1.695
TCGGCATGT	1.463
AGGGCATGT	0.582
CGGGCATGT	1.035
ATGGCATGT	0.597
CTGGCATGT	0.383
AACGGATGT	0.043
GACGGATGT	0.187
AAGGGATGT	2.140
CAGGGATGT	2.155
GAGGGATGT	2.166
TAGGGATGT	0.113
ACGGGATGT	2.294
CCGGGATGT	1.554
GCGGGATGT	1.802
TCGGGATGT	1.570
AGGGGATGT	0.689
CGGGGATGT	1.142
ATGGGATGT	0.704
CTGGGATGT	0.490
AAGATATGT	1.606
CAGATATGT	1.620
GAGATATGT	1.631
ACGATATGT	1.760
CCGATATGT	1.019
GCGATATGT	1.267
TCGATATGT	1.035
AGGATATGT	0.155
CGGATATGT	0.607
ATGATATGT	0.169
AAGCTATGT	1.515
CAGCTATGT	1.529
GAGCTATGT	1.541
ACGCTATGT	1.669
CCGCTATGT	0.928
GCGCTATGT	1.176
TCGCTATGT	0.944
AGGCTATGT	0.064
CGGCTATGT	0.516
ATGCTATGT	0.078
AAAGTATGT	6.933
CAAGTATGT	7.443
GAAGTATGT	6.972
TAAGTATGT	4.584
ACAGTATGT	6.048
CCAGTATGT	5.803
GCAGTATGT	5.569
TCAGTATGT	5.001
AGAGTATGT	5.662
CGAGTATGT	6.610
GGAGTATGT	4.823
TGAGTATGT	4.434
ATAGTATGT	4.411
CTAGTATGT	4.694
GTAGTATGT	3.712
TTAGTATGT	2.853
AACGTATGT	7.690
CACGTATGT	7.264
GACGTATGT	7.835
TACGTATGT	5.536
ACCGTATGT	6.726
CCCGTATGT	5.545
GCCGTATGT	6.352
TCCGTATGT	5.875
AGCGTATGT	6.123
CGCGTATGT	6.136
GGCGTATGT	5.390
TGCGTATGT	5.091
ATCGTATGT	5.943
CTCGTATGT	5.289
GTCGTATGT	5.349
TTCGTATGT	4.581
AAGGTATGT	9.788
CAGGTATGT	9.802
GAGGTATGT	9.813
TAGGTATGT	7.761
ACGGTATGT	9.942
CCGGTATGT	9.201
GCGGTATGT	9.449
TCGGTATGT	9.217
AGGGTATGT	8.337
CGGGTATGT	8.789
GGGGTATGT	7.484
TGGGTATGT	7.431
ATGGTATGT	8.351
CTGGTATGT	8.137
GTGGTATGT	7.638
TTGGTATGT	7.116
AATGTATGT	5.872
CATGTATGT	5.714
GATGTATGT	6.309
TATGTATGT	3.249
ACTGTATGT	5.185
CCTGTATGT	4.273
GCTGTATGT	5.104
TCTGTATGT	3.865
AGTGTATGT	4.801
CGTGTATGT	5.082
GGTGTATGT	4.360
TGTGTATGT	3.300
ATTGTATGT	4.338
CTTGTATGT	3.953
GTTGTATGT	4.037
TTTGTATGT	2.507
AAGTTATGT	1.284
CAGTTATGT	1.298
GAGTTATGT	1.309
ACGTTATGT	1.438
CCGTTATGT	0.697
GCGTTATGT	0.945
TCGTTATGT	0.713
CGGTTATGT	0.285
AACGTCTGT	1.463
CACGTCTGT	1.439
GACGTCTGT	0.548
AAGGTCTGT	6.426
CAGGTCTGT	6.842
GAGGTCTGT	5.392
TAGGTCTGT	3.442
ACGGTCTGT	5.113
CCGGTCTGT	4.775
GCGGTCTGT	3.561
TCGGTCTGT	3.432
AGGGTCTGT	2.696
CGGGTCTGT	3.551
GGGGTCTGT	0.784
TGGGTCTGT	0.834
ATGGTCTGT	2.863
CTGGTCTGT	3.052
GTGGTCTGT	1.091
TTGGTCTGT	0.671
AAAGTGTGT	2.985
CAAGTGTGT	3.835
GAAGTGTGT	2.503
TAAGTGTGT	0.326
ACAGTGTGT	2.272
CCAGTGTGT	2.367
GCAGTGTGT	1.271
TCAGTGTGT	0.915
AGAGTGTGT	1.041
CGAGTGTGT	2.329
ATAGTGTGT	0.100
CTAGTGTGT	0.722
AACGTGTGT	3.867
CACGTGTGT	3.781
GACGTGTGT	3.490
TACGTGTGT	1.404
ACCGTGTGT	3.074
CCCGTGTGT	2.233
GCCGTGTGT	2.179
TCCGTGTGT	1.913
AGCGTGTGT	1.627
CGCGTGTGT	1.979
GGCGTGTGT	0.372
TGCGTGTGT	0.285
ATCGTGTGT	1.756
CTCGTGTGT	1.443
GTCGTGTGT	0.641
TTCGTGTGT	0.085
AAGGTGTGT	6.637
CAGGTGTGT	6.991
GAGGTGTGT	6.142
TAGGTGTGT	4.301
ACGGTGTGT	6.962
CCGGTGTGT	6.562
GCGGTGTGT	5.948
TCGGTGTGT	5.928
AGGGTGTGT	4.513
CGGGTGTGT	5.305
GGGGTGTGT	3.139
TGGGTGTGT	3.298
ATGGTGTGT	4.837
CTGGTGTGT	4.963
GTGGTGTGT	3.603
TTGGTGTGT	3.292
AATGTGTGT	2.420
CATGTGTGT	2.603
GATGTGTGT	2.336
ACTGTGTGT	1.905
CCTGTGTGT	1.333
GCTGTGTGT	1.303
TCTGTGTGT	0.275
AGTGTGTGT	0.676
CGTGTGTGT	1.297
ATTGTGTGT	0.524
CTTGTGTGT	0.479
AAGGCTTGT	0.052
AAGGGTTGT	0.159
AAAGTTTGT	1.929
CAAGTTTGT	2.060
GAAGTTTGT	0.499
AAGGTTTGT	7.806
CAGGTTTGT	7.442
GAGGTTTGT	6.363
TAGGTTTGT	4.072
ACGGTTTGT	5.980
CCGGTTTGT	4.860
GCGGTTTGT	4.018
TCGGTTTGT	3.548
AGGGTTTGT	3.379
CGGGTTTGT	3.452
GGGGTTTGT	1.057
TGGGTTTGT	0.766
ATGGTTTGT	4.878
CTGGTTTGT	4.286
GTGGTTTGT	2.697
TTGGTTTGT	1.936
AAGGAAATT	0.646
CAGGAAATT	0.371
GAGGAAATT	0.695
AAGGCAATT	1.075
CAGGCAATT	0.800
GAGGCAATT	1.124
AAGGGAATT	1.182
CAGGGAATT	0.907
GAGGGAATT	1.231
AAGATAATT	0.647
CAGATAATT	0.372
GAGATAATT	0.696
AAGCTAATT	0.557
CAGCTAATT	0.281
GAGCTAATT	0.606
AAAGTAATT	3.635
CAAGTAATT	3.856
GAAGTAATT	3.698
TAAGTAATT	1.758
ACAGTAATT	1.079
CCAGTAATT	0.545
GCAGTAATT	0.623
TCAGTAATT	0.504
AGAGTAATT	1.610
CGAGTAATT	2.269
GGAGTAATT	0.795
TGAGTAATT	0.855
ATAGTAATT	0.214
CTAGTAATT	0.207
AACGTAATT	5.053
CACGTAATT	4.338
GACGTAATT	5.221
TACGTAATT	3.371
ACCGTAATT	2.417
CCCGTAATT	0.947
GCCGTAATT	2.067
TCCGTAATT	2.038
AGCGTAATT	2.732
CGCGTAATT	2.455
GGCGTAATT	2.022
TGCGTAATT	2.173
ATCGTAATT	2.406
CTCGTAATT	1.463
GTCGTAATT	1.836
TTCGTAATT	1.517
AAGGTAATT	8.829
CAGGTAATT	8.554
GAGGTAATT	8.878
TAGGTAATT	7.274
ACGGTAATT	7.312
CCGGTAATT	6.282
GCGGTAATT	6.843
TCGGTAATT	7.059
AGGGTAATT	6.624
CGGGTAATT	6.787
GGGGTAATT	5.795
TGGGTAATT	6.191
ATGGTAATT	6.493
CTGGTAATT	5.990
GTGGTAATT	5.804
TTGGTAATT	5.730
AATGTAATT	1.496
CATGTAATT	1.049
GATGTAATT	1.956
AAGTTAATT	0.325
CAGTTAATT	0.050
GAGTTAATT	0.375
AAGGTCATT	4.318
CAGGTCATT	4.445
GAGGTCATT	3.308
TAGGTCATT	1.807
ACGGTCATT	1.334
CCGGTCATT	0.707
TCGGTCATT	0.125
CGGGTCATT	0.399
CAAGTGATT	0.453
AACGTGATT	1.434
CACGTGATT	1.059
GACGTGATT	1.081
AAGGTGATT	5.883
CAGGTGATT	5.948
GAGGTGATT	5.411
TAGGTGATT	4.019
ACGGTGATT	4.537
CCGGTGATT	3.847
GCGGTGATT	3.547
TCGGTGATT	3.975
AGGGTGATT	3.005
CGGGTGATT	3.508
GGGGTGATT	1.655
TGGGTGATT	2.263
ATGGTGATT	3.184
CTGGTGATT	3.021
GTGGTGATT	1.974
TTGGTGATT	2.112
AAGGTTATT	4.146
CAGGTTATT	3.492
GAGGTTATT	2.726
TAGGTTATT	0.884
ACGGTTATT	0.649
ATGGTTATT	0.319
AAGGAACTT	0.214
AAGGCACTT	0.643
CAGGCACTT	0.416
GAGGCACTT	0.065
AAGGGACTT	0.750
CAGGGACTT	0.523
GAGGGACTT	0.172
AAGATACTT	0.215
AAGCTACTT	0.124
AAAGTACTT	1.726
CAAGTACTT	1.995
GAAGTACTT	1.161
AACGTACTT	3.648
CACGTACTT	2.982
GACGTACTT	3.189
TACGTACTT	0.727
ACCGTACTT	0.794
AGCGTACTT	0.283
CGCGTACTT	0.055
ATCGTACTT	0.131
AAGGTACTT	8.397
CAGGTACTT	8.170
GAGGTACTT	7.819
TAGGTACTT	5.602
ACGGTACTT	6.661
CCGGTACTT	5.680
GCGGTACTT	5.565
TCGGTACTT	5.169
AGGGTACTT	5.148
CGGGTACTT	5.359
GGGGTACTT	3.692
TGGGTACTT	3.475
ATGGTACTT	5.191
CTGGTACTT	4.736
GTGGTACTT	3.875
TTGGTACTT	3.188
AAGGTCCTT	1.619
CAGGTCCTT	1.795
AAGGTGCTT	4.715
CAGGTGCTT	4.829
GAGGTGCTT	3.617
TAGGTGCTT	1.611
ACGGTGCTT	3.151
CCGGTGCTT	2.509
GCGGTGCTT	1.534
TCGGTGCTT	1.349
AGGGTGCTT	0.793
CGGGTGCTT	1.345
ATGGTGCTT	1.146
CTGGTGCTT	1.032
AAGGTTCTT	3.869
CAGGTTCTT	3.263
GAGGTTCTT	1.822
ACGGTTCTT	0.153
AAGGTAGTT	6.437
CAGGTAGTT	6.297
GAGGTAGTT	5.772
TAGGTAGTT	3.853
ACGGTAGTT	3.980
CCGGTAGTT	3.085
GCGGTAGTT	2.797
TCGGTAGTT	2.698
AGGGTAGTT	2.593
CGGGTAGTT	2.891
GGGGTAGTT	1.050
TGGGTAGTT	1.131
ATGGTAGTT	2.402
CTGGTAGTT	2.034
GTGGTAGTT	0.999
TTGGTAGTT	0.609
AAGGTCGTT	1.090
CAGGTCGTT	1.352
AAGGTGGTT	1.960
CAGGTGGTT	2.160
GAGGTGGTT	0.774
AAGGTTGTT	2.386
CAGGTTGTT	1.867
GAGGTTGTT	0.253
AAAGTATTT	0.864
CAAGTATTT	1.239
GAAGTATTT	0.872
AACGTATTT	2.024
CACGTATTT	1.463
GACGTATTT	2.138
AAGGTATTT	7.635
CAGGTATTT	7.514
GAGGTATTT	7.630
TAGGTATTT	5.387
ACGGTATTT	5.463
CCGGTATTT	4.588
GCGGTATTT	4.940
TCGGTATTT	4.518
AGGGTATTT	4.527
CGGGTATTT	4.844
GGGGTATTT	3.643
TGGGTATTT	3.401
ATGGTATTT	3.847
CTGGTATTT	3.498
GTGGTATTT	3.104
TTGGTATTT	2.391
AAGGTCTTT	2.081
CAGGTCTTT	2.363
GAGGTCTTT	1.017
AAGGTGTTT	2.064
CAGGTGTTT	2.282
GAGGTGTTT	1.537
ACGGTGTTT	0.063
AAGGTTTTT	3.427
CAGGTTTTT	2.928
GAGGTTTTT	1.953
